Unnamed: 0,age,sex,educ,income,eastwest,happiness,health,lived_abroad,spectrum
0,29,0,2,1800,0,10,2,0,2
1,34,1,2,2000,0,9,2,0,1
2,43,1,1,2500,1,10,3,0,1
3,36,0,1,860,1,4,1,1,2
4,31,1,2,2500,1,8,4,0,1
5,57,0,2,750,1,10,3,0,1
6,41,1,4,4500,0,9,3,0,1
7,47,1,2,880,0,6,2,0,3
8,43,0,1,3000,1,2,3,1,0
9,58,1,1,950,0,2,2,0,1
10,5,1,1,1200,1,2,2,0,0
11,47,1,1,3300,1,10,2,0,1
12,36,1,2,1500,0,7,2,1,2
13,58,1,4,1600,0,2,4,0,0
14,5,1,2,1800,1,9,3,0,0
15,18,1,2,2125,1,10,4,0,2
16,16,0,2,350,1,10,4,1,0
17,34,0,3,2400,1,10,4,1,1
18,45,1,2,1050,0,9,1,0,0
19,43,1,1,2375,1,9,4,0,2
20,1,1,2,875,1,10,4,0,3
21,9,1,4,1500,0,10,4,0,0
22,35,1,2,1000,0,7,3,0,3
23,7,1,2,1300,1,9,2,0,1
24,22,0,4,1390,1,10,4,1,1
25,53,1,3,460,1,7,2,1,1
26,13,1,3,2375,0,10,4,0,1
27,30,1,4,3500,1,9,3,1,1
28,48,0,1,850,1,10,2,0,0
29,25,1,2,1800,1,5,3,0,3
30,6,1,4,700,1,10,4,1,1
31,37,0,2,813,1,9,2,0,1
32,43,0,3,1500,1,9,3,0,2
33,30,1,4,6250,1,6,1,0,1
34,9,1,2,1579,1,9,4,0,1
35,23,0,2,1100,1,2,4,0,1
36,21,1,2,1500,0,4,3,0,3
37,60,1,1,4500,1,2,4,0,0
38,48,0,4,2000,1,9,2,0,0
39,22,0,3,1625,0,9,4,0,1
40,11,1,4,2400,1,10,4,0,0
41,30,1,4,4000,1,8,0,1,1
42,22,1,2,1400,0,5,2,0,3
43,35,1,3,1875,1,10,2,0,0
44,24,1,2,1100,1,10,2,0,1
45,29,1,1,2700,1,9,2,0,1
46,54,1,1,1140,0,6,0,0,2
47,13,1,4,2200,1,8,2,1,0
48,70,1,4,3000,1,4,3,0,1
49,13,1,2,2500,0,2,4,1,1
50,17,1,2,1650,0,9,3,0,2
51,51,0,4,2650,1,2,4,0,0
52,48,0,4,650,1,2,4,0,2
53,58,1,1,1000,0,10,1,0,1
54,49,1,4,860,0,7,2,1,3
55,40,1,1,1100,1,5,2,0,2
56,50,0,1,400,1,10,3,0,1
57,7,1,2,1500,1,2,3,0,1
58,41,1,4,3500,1,10,2,1,2
59,22,0,2,1300,1,10,2,0,1
60,12,0,4,1520,0,10,4,0,1
61,44,0,1,600,1,9,2,0,0
62,8,1,4,2000,0,10,3,0,1
63,36,0,2,714,1,4,2,0,2
64,51,1,4,700,0,7,3,1,3
65,10,1,4,3000,0,9,4,0,1
66,65,1,1,1050,1,2,2,0,1
67,38,0,2,1063,1,2,2,0,2
68,47,0,2,800,0,5,2,0,0
69,62,0,1,265,1,9,0,0,1
70,10,0,3,1800,1,10,4,0,0
71,33,1,1,1900,1,9,2,0,3
72,48,0,1,600,1,9,3,0,0
73,40,1,1,1650,1,9,2,0,0
74,55,1,1,1063,0,6,3,0,3
75,38,0,2,940,0,5,1,0,2
76,64,0,4,1600,0,9,2,0,2
77,29,0,2,1000,0,8,2,0,1
78,18,0,1,450,1,2,4,0,2
79,41,0,2,1100,1,10,3,0,1
80,3,0,4,710,1,9,2,1,1
81,22,1,3,1800,1,9,3,0,1
82,30,0,4,1600,1,6,2,1,2
83,44,0,3,900,0,9,2,0,1
84,70,0,1,1000,0,9,2,0,1
85,36,0,2,2100,0,8,1,1,0
86,17,1,1,4000,1,9,2,0,3
87,51,1,2,1000,0,10,2,0,3
88,44,0,2,688,1,9,3,0,0
89,31,0,2,700,0,9,3,0,2
90,19,0,4,1600,0,9,3,0,1
91,34,0,4,1750,1,9,4,0,1
92,13,1,4,2000,1,7,3,1,2
93,49,0,4,3000,1,10,4,1,2
94,30,1,1,3000,1,10,3,0,1
95,48,1,4,2100,0,6,1,0,2
96,18,0,4,2100,1,10,3,1,1
97,26,0,3,1625,0,6,3,0,2
98,26,1,4,6250,0,10,3,0,2
99,46,1,3,1100,1,8,2,0,1
100,58,0,1,1500,0,10,2,0,2
101,33,1,1,1500,1,2,4,1,1
102,28,0,2,1200,1,10,2,0,0
103,48,0,2,1400,1,9,3,0,1
104,28,0,2,995,0,2,2,0,1
105,43,0,2,1875,1,10,3,0,2
106,48,1,1,1800,1,9,2,0,0
107,37,1,2,2300,1,9,4,1,1
108,20,1,3,2875,1,10,3,1,2
109,15,0,4,2000,0,10,3,0,1
110,60,0,2,1000,0,6,2,0,0
111,23,0,4,1650,0,9,3,0,2
112,15,0,2,2060,0,9,3,0,3
113,1,1,1,592,1,6,2,0,3
114,23,0,3,1300,0,8,4,0,2
115,27,1,4,1750,1,2,4,0,1
116,2,1,2,150,0,5,1,1,0
117,15,1,1,2100,1,3,2,0,3
118,20,1,2,4200,1,8,2,0,3
119,30,1,4,4000,1,9,3,0,1
120,39,0,2,1600,0,9,4,0,3
121,8,1,4,1600,1,2,4,0,2
122,15,0,3,2300,1,10,4,0,2
123,44,1,1,8750,1,2,3,1,3
124,44,1,2,1625,0,10,4,0,1
125,34,0,2,1300,0,8,3,0,0
126,55,0,4,938,1,2,3,0,1
127,20,0,1,450,1,9,4,0,2
128,21,1,2,2100,1,10,4,1,0
129,34,1,4,4500,1,8,2,0,1
130,40,0,4,1500,0,2,1,0,1
131,32,0,2,750,1,9,2,0,0
132,0,1,4,400,1,10,2,0,1
133,20,0,2,2170,0,10,2,0,2
134,36,1,2,2875,0,9,3,0,3
135,39,1,2,1900,1,2,4,1,1
136,34,0,2,480,1,5,0,0,1
137,16,0,4,2000,1,9,3,0,2
138,34,1,4,4800,1,2,4,0,0
139,19,0,4,1750,1,10,3,0,2
140,38,0,4,1625,0,9,3,0,1
141,18,0,1,1600,1,6,1,0,2
142,22,1,4,3600,0,9,2,0,2
143,42,1,2,320,0,7,2,0,0
144,33,1,2,850,0,4,2,0,1
145,56,0,1,700,1,10,3,0,2
146,42,0,4,4500,0,10,3,1,2
147,52,0,4,1100,1,10,4,1,2
148,46,1,3,688,0,9,4,0,1
149,46,0,2,1000,0,10,2,0,3
150,23,0,2,1850,1,10,3,0,2
151,47,0,4,900,0,10,3,0,2
152,7,0,2,1000,0,8,3,0,0
153,38,0,4,3000,1,9,4,0,0
154,12,0,4,1500,0,10,3,0,1
155,40,1,2,900,0,8,1,0,2
156,40,1,1,2000,1,9,3,0,0
157,39,1,1,350,0,6,0,0,3
158,47,0,4,2125,0,10,3,0,2
159,60,0,1,1200,0,8,3,0,2
160,16,1,2,1300,0,8,3,0,3
161,59,0,1,2600,1,9,2,1,1
162,42,1,4,4300,1,2,4,1,1
163,31,0,1,1100,1,6,3,0,3
164,24,0,2,1500,0,2,2,0,1
165,33,0,2,1300,0,8,2,0,2
166,30,0,2,1200,0,2,1,0,1
167,21,0,3,2259,0,8,3,1,2
168,47,1,2,804,0,9,3,0,0
169,54,1,1,3300,1,9,0,0,0
170,38,1,2,640,0,0,0,0,1
171,33,0,2,5000,0,10,4,0,1
172,10,1,2,1900,1,10,3,0,1
173,26,0,1,1100,1,4,1,0,3
174,27,0,3,2875,1,9,1,0,2
175,7,1,2,2000,1,10,3,0,3
176,0,1,2,440,0,9,2,0,2
177,7,0,4,1500,1,8,4,0,0
178,10,1,2,2000,1,4,3,0,3
179,38,1,4,3500,1,10,3,0,1
180,30,0,2,450,1,9,3,0,2
181,22,0,3,1700,1,10,2,0,1
182,54,1,1,820,1,2,3,0,1
183,64,1,1,1500,1,2,2,0,2
184,35,0,2,1100,0,9,3,0,1
185,7,1,2,1600,1,9,3,0,0
186,66,0,1,1400,0,10,1,0,1
187,35,0,2,1800,1,10,3,0,2
188,2,0,4,1400,0,9,4,1,3
189,22,1,1,4000,1,9,3,0,1
190,0,0,1,450,1,0,0,0,1
191,58,0,1,1800,0,8,1,0,1
192,45,0,2,1875,0,10,3,0,1
193,40,1,2,3500,1,8,2,0,2
194,37,0,2,1000,1,10,3,0,1
195,48,1,1,3000,1,9,2,0,1
196,11,1,1,1600,1,9,3,1,1
197,2,0,4,800,1,9,3,0,0
198,30,1,4,3000,0,10,3,0,1
199,62,1,1,2000,1,2,3,1,0
200,43,0,3,1500,1,6,2,1,2
201,54,1,3,1500,0,6,3,0,2
202,47,0,4,1500,0,9,4,0,1
203,35,0,4,3000,0,9,3,0,2
204,14,1,1,2250,1,2,3,0,0
205,40,1,1,1400,1,0,2,0,0
206,10,1,4,700,0,9,4,0,2
207,30,1,2,1200,0,9,2,0,3
208,11,1,4,2500,1,10,4,0,2
209,48,1,2,563,0,8,2,0,3
210,50,1,2,1600,1,7,2,0,1
211,34,0,4,2500,1,9,3,0,0
212,15,1,4,3400,1,2,4,1,1
213,55,0,2,1300,1,9,2,0,2
214,16,1,4,100,1,8,1,1,1
215,6,1,4,1000,1,9,3,1,2
216,36,0,4,500,1,2,2,0,1
217,28,1,2,2300,1,10,3,0,1
218,49,1,2,1200,0,10,3,0,2
219,31,0,4,2500,1,8,3,1,1
220,15,1,4,2375,1,9,3,0,1
221,30,1,2,2700,1,8,1,1,3
222,22,1,4,5200,0,6,2,0,1
223,22,0,4,1187,1,2,2,0,1
224,17,0,4,1900,0,9,2,0,1
225,65,0,1,1400,1,9,0,0,0
226,58,0,4,1260,0,9,2,0,0
227,55,1,2,850,0,4,2,0,2
228,21,0,4,3500,1,7,3,0,2
229,25,1,2,1100,1,8,2,0,1
230,63,1,1,1221,0,9,2,0,1
231,2,1,2,700,1,9,2,0,0
232,19,1,3,4200,1,10,4,1,1
233,36,1,3,3550,1,9,3,0,1
234,49,1,2,2500,0,9,3,0,1
235,35,1,4,3500,0,9,3,1,2
236,46,0,1,2000,1,9,3,0,1
237,58,1,4,1063,0,7,3,1,2
238,22,0,2,700,0,7,2,0,3
239,24,0,3,1800,1,10,1,1,2
240,39,1,2,2000,0,9,3,0,1
241,46,0,1,1260,1,6,1,0,0
242,23,0,2,625,1,8,2,0,1
243,56,1,1,1800,1,2,4,0,1
244,30,0,2,1600,1,6,1,1,2
245,11,1,4,800,1,10,4,0,2
246,12,1,4,1700,0,9,3,0,2
247,5,0,1,267,1,10,3,0,0
248,57,0,1,900,1,9,3,0,1
249,25,0,2,2100,1,9,3,0,0
250,9,0,4,1400,0,9,3,0,2
251,53,1,1,720,1,6,3,0,2
252,11,0,4,650,0,9,4,0,2
253,36,1,2,724,1,0,0,1,0
254,16,0,3,1100,1,9,2,1,0
255,32,1,2,3000,1,10,4,0,0
256,46,1,4,3500,0,10,3,0,0
257,55,0,1,110,1,7,2,0,2
258,4,1,2,500,1,2,4,1,2
259,26,0,4,1063,1,2,4,0,0
260,36,1,4,6000,1,10,3,1,1
261,34,0,2,1234,0,10,3,0,0
262,29,0,4,3200,1,10,3,0,0
263,9,0,3,2100,1,9,4,0,2
264,17,0,1,2000,1,2,3,0,1
265,44,1,4,4005,1,10,3,1,2
266,48,0,4,875,1,8,2,1,2
267,43,1,2,2375,1,9,2,0,2
268,57,0,1,900,1,6,2,0,0
269,30,0,1,700,1,2,4,0,0
270,30,1,4,3800,0,9,3,0,0
271,64,0,1,1100,0,8,3,0,2
272,57,1,1,1500,0,9,2,0,0
273,30,1,4,2200,0,8,3,1,2
274,21,0,4,1188,1,2,4,0,3
275,13,1,1,1625,0,4,2,0,2
276,55,0,1,291,1,10,3,0,1
277,10,1,2,1550,0,9,3,0,3
278,2,1,3,700,1,10,3,0,2
279,58,0,1,670,0,7,2,0,1
280,35,0,4,2800,0,2,4,0,1
281,57,0,1,1200,0,6,2,0,1
282,13,1,2,1600,1,2,4,1,0
283,35,0,2,1200,0,9,3,0,1
284,6,0,4,180,1,9,4,0,1
285,8,1,4,400,0,2,4,0,0
286,12,0,4,2080,0,10,2,1,2
287,33,1,4,4000,1,8,1,1,1
288,7,1,1,1400,1,8,3,0,3
289,34,1,4,2500,1,10,3,0,2
290,27,0,4,1800,1,8,2,1,2
291,50,1,4,3100,1,2,4,1,2
292,9,0,4,400,1,8,4,1,0
293,13,0,4,1600,1,10,3,0,0
294,24,0,2,1063,1,9,2,0,2
295,58,1,1,1200,1,7,2,0,3
296,34,0,2,1800,1,9,3,0,2
297,30,0,2,1188,0,10,3,0,3
298,47,1,2,2625,1,8,2,0,2
299,22,1,2,2000,1,7,1,0,1
300,39,1,4,3000,1,7,2,0,2
301,32,1,2,3000,1,6,3,0,1
302,30,1,2,3000,1,10,4,0,2
303,20,0,1,550,0,6,3,0,1
304,36,1,2,2875,1,2,4,0,3
305,16,0,4,1500,0,8,3,0,1
306,58,1,1,1477,1,5,0,1,0
307,35,0,1,1000,1,9,2,0,0
308,42,1,4,3400,1,9,2,0,1
309,16,0,2,1313,0,10,3,0,1
310,70,1,4,3000,1,2,4,0,3
311,26,1,2,3200,1,10,3,0,2
312,68,1,2,1700,0,8,2,0,2
313,49,0,1,450,1,2,3,0,2
314,41,0,4,1400,0,9,3,0,2
315,35,0,3,1200,0,8,2,0,0
316,30,0,3,2200,1,10,2,0,0
317,67,0,1,1450,1,5,0,0,1
318,28,1,4,2800,1,9,3,0,1
319,41,1,2,2375,1,10,2,0,1
320,56,1,1,1150,0,9,4,0,2
321,33,1,1,1700,1,2,2,0,0
322,65,0,1,1400,1,10,4,0,2
323,39,0,2,2375,1,7,2,0,1
324,43,0,3,1700,1,10,2,0,2
325,11,0,4,4000,1,10,3,1,0
326,72,1,1,1800,1,9,2,0,0
327,27,0,4,1650,1,8,4,0,2
328,54,1,1,1100,0,9,3,0,0
329,31,1,4,1200,1,8,3,0,2
330,64,1,2,1600,1,9,2,1,3
331,37,1,1,1300,1,9,2,0,0
332,60,0,1,1500,1,6,1,0,1
333,21,1,1,1400,1,7,2,1,0
334,34,1,2,3000,1,10,4,0,1
335,47,0,2,500,1,2,3,0,2
336,41,0,2,2200,1,8,4,1,2
337,51,0,3,900,0,9,3,0,2
338,34,1,4,4200,1,10,4,0,0
339,62,1,1,1800,1,9,1,1,0
340,55,0,2,1300,1,9,2,0,1
341,11,1,2,2000,0,10,4,0,1
342,21,1,4,1200,1,8,3,0,2
343,26,1,4,3000,0,9,3,1,2
344,43,0,1,420,1,9,3,0,2
345,33,0,4,1900,1,10,4,0,1
346,38,1,4,1875,0,10,3,0,2
347,45,1,2,1000,0,2,2,0,1
348,24,0,4,2400,1,9,1,0,0
349,14,0,1,700,1,7,3,0,3
350,55,0,2,813,0,9,3,1,2
351,20,0,4,3225,1,9,3,0,2
352,62,0,1,1400,1,7,0,0,1
353,34,1,4,3000,1,10,3,1,0
354,14,0,4,3200,1,10,3,1,1
355,32,0,2,1400,1,7,2,0,0
356,61,0,1,920,0,7,3,0,0
357,27,1,2,1500,0,4,2,0,1
358,36,0,3,2100,1,7,2,1,2
359,48,0,2,1800,1,9,2,0,1
360,58,0,4,30,1,2,4,1,1
361,32,1,2,1600,0,8,3,0,1
362,10,0,2,1800,1,2,4,0,1
363,62,0,4,1200,1,10,4,0,1
364,35,1,1,1500,1,2,3,0,1
365,62,0,1,900,0,6,1,0,2
366,21,0,2,800,1,8,2,1,2
367,47,1,1,1800,1,9,3,0,0
368,11,0,2,1100,0,7,4,0,0
369,41,0,2,1300,0,9,4,0,1
370,40,1,2,3500,1,10,3,0,0
371,43,1,1,830,1,8,0,0,0
372,35,1,3,3500,1,10,3,0,1
373,38,0,1,2500,1,10,3,0,3
374,18,1,2,1680,0,9,2,0,3
375,20,1,2,1600,0,9,3,0,3
376,63,1,1,1313,0,7,1,0,3
377,31,1,1,2625,1,8,1,0,3
378,63,1,1,1500,1,7,3,0,0
379,32,0,2,1200,1,9,4,0,3
380,16,0,4,630,0,4,0,0,2
381,28,1,4,3000,1,9,2,0,0
382,5,1,4,400,0,9,4,1,2
383,21,0,2,700,1,8,3,0,0
384,27,1,2,2700,0,9,2,0,0
385,17,0,4,2800,1,2,4,1,2
386,36,1,3,1800,1,10,2,1,2
387,35,1,2,1500,0,10,3,0,3
388,48,0,2,240,1,10,2,0,0
389,32,0,4,3100,1,9,2,0,0
390,38,0,2,730,1,1,0,0,1
391,36,0,2,600,1,9,4,0,2
392,59,0,1,1400,0,2,4,0,1
393,60,1,2,1200,0,8,1,0,2
394,50,1,2,2200,1,10,3,0,1
395,45,0,1,700,1,9,2,0,0
396,14,0,2,750,1,10,4,0,1
397,2,0,4,400,1,10,4,0,1
398,2,1,2,270,1,9,2,0,1
399,41,1,2,1100,1,10,3,0,2
400,57,0,4,2600,1,2,3,1,0
401,8,0,4,450,1,10,2,0,1
402,58,1,4,2500,0,8,1,0,1
403,8,0,4,120,1,8,4,0,2
404,38,0,4,2500,1,2,3,0,0
405,53,0,2,1188,1,9,3,0,1
406,36,1,2,415,0,9,3,0,1
407,66,0,2,1397,0,9,2,0,0
408,56,1,1,905,0,2,3,0,1
409,38,1,3,600,1,6,2,0,2
410,47,1,0,1050,0,6,2,0,2
411,23,1,4,2800,0,9,3,0,1
412,30,0,4,4000,0,9,4,1,2
413,51,1,3,1500,1,10,4,0,0
414,21,1,2,2000,1,2,4,1,1
415,41,1,4,2500,1,4,3,0,1
416,8,0,3,400,1,9,2,0,3
417,12,1,2,700,0,4,1,0,3
418,48,1,4,3400,1,9,3,0,3
419,20,1,2,3500,1,9,2,1,1
420,17,0,2,1800,1,6,1,0,0
421,35,0,2,450,0,9,2,0,2
422,28,1,4,4000,1,9,4,1,2
423,55,0,4,350,1,9,2,0,0
424,40,0,1,1500,1,5,1,0,1
425,31,1,4,3100,0,9,3,0,3
426,15,1,4,6250,0,10,4,1,1
427,34,1,1,3500,1,9,3,0,3
428,35,1,2,350,1,5,1,0,0
429,56,0,1,1200,0,9,3,0,0
430,53,1,1,1625,1,6,2,0,0
431,30,0,4,2400,1,9,2,0,0
432,10,0,4,450,1,10,4,1,2
433,61,1,4,1600,0,10,4,1,2
434,10,1,2,1500,0,2,4,0,2
435,22,1,2,1700,0,4,3,0,3
436,48,0,1,220,1,9,3,0,0
437,10,1,4,1100,0,9,3,0,2
438,14,0,4,3300,1,10,3,1,2
439,46,0,4,50,0,2,4,1,0
440,39,0,1,1200,1,2,2,0,1
441,47,0,2,1100,0,9,3,0,0
442,61,1,1,1500,0,9,2,0,0
443,61,0,1,980,0,9,3,0,1
444,26,1,2,4500,1,9,3,0,0
445,3,0,4,550,1,2,4,0,0
446,6,0,4,1300,1,8,3,0,1
447,34,0,2,1500,1,9,3,0,2
448,31,1,4,4000,1,2,4,1,2
449,26,0,2,2900,1,9,1,0,1
450,58,1,3,1300,1,4,3,0,3
451,35,0,2,1700,1,10,2,0,2
452,29,1,2,2100,0,9,3,0,1
453,56,0,1,420,1,9,1,0,1
454,24,1,3,4800,1,7,3,0,1
455,60,0,2,600,1,6,1,0,3
456,29,0,4,2000,1,10,3,1,1
457,11,1,2,800,1,10,3,1,0
458,61,1,1,1313,1,2,3,1,3
459,49,0,1,900,1,6,2,0,1
460,22,0,2,120,1,8,2,0,1
461,33,0,2,1100,0,8,2,0,0
462,32,0,3,1500,1,5,2,0,0
463,53,1,4,2400,1,2,3,0,0
464,47,1,4,700,0,9,3,0,1
465,25,0,1,900,1,9,2,0,3
466,67,1,1,1900,0,7,2,0,2
467,29,1,4,8750,1,10,4,1,1
468,73,0,1,1300,1,9,3,0,1
469,2,0,2,380,1,9,3,0,1
470,47,1,2,1063,1,9,2,0,0
471,7,1,4,3000,1,10,4,0,3
472,54,0,4,2500,1,7,1,0,2
473,58,1,1,1300,0,2,0,0,0
474,2,1,2,1400,1,9,3,0,1
475,18,0,4,600,1,8,3,1,1
476,7,1,4,2500,1,9,4,1,1
477,3,1,3,450,1,10,4,0,1
478,36,0,2,1100,1,10,4,0,0
479,31,1,1,725,1,7,2,0,1
480,51,1,2,850,0,6,1,0,1
481,49,1,1,1200,1,10,3,0,1
482,55,0,2,300,1,2,3,0,0
483,3,0,4,1577,1,8,3,0,2
484,58,1,1,1150,1,9,3,0,2
485,1,1,2,600,1,2,4,0,2
486,28,1,2,1800,0,8,3,0,2
487,4,1,4,600,0,10,4,0,1
488,33,0,4,800,1,8,3,0,2
489,63,1,1,1500,1,2,1,0,0
490,58,1,1,1400,0,9,1,0,2
491,33,0,3,813,1,10,3,0,1
492,54,1,2,1400,1,9,2,0,0
493,20,1,4,1400,0,10,3,0,0
494,5,1,2,1063,0,10,3,0,2
495,28,0,4,1600,1,2,4,0,1
496,29,0,2,1000,0,5,4,0,3
497,52,1,1,690,1,9,1,1,0
498,26,0,4,700,1,7,3,0,2
499,32,1,3,1800,1,9,3,0,2
500,14,1,1,1300,0,4,3,1,2
501,66,1,1,1200,0,6,2,0,2
502,23,0,2,700,1,8,3,0,0
503,1,1,4,450,1,9,3,0,1
504,36,1,2,2700,0,9,3,0,0
505,29,1,2,1600,0,8,4,0,1
506,38,1,4,2000,0,8,3,0,1
507,28,0,4,2500,0,10,3,0,3
508,24,1,4,6000,1,9,3,0,1
509,12,0,4,1313,1,2,4,1,0
510,19,1,2,3200,1,2,3,0,1
511,2,1,4,450,0,9,3,1,0
512,37,1,4,5000,1,10,4,0,3
513,34,0,4,3500,0,8,3,0,2
514,48,0,3,1200,1,9,3,0,1
515,28,1,4,2300,1,10,4,0,2
516,18,1,2,2125,0,9,3,0,3
517,48,1,3,2700,1,10,2,0,2
518,13,1,3,2950,1,9,4,0,1
519,45,0,2,700,1,2,3,0,2
520,9,0,4,400,0,9,1,0,1
521,55,1,1,1000,1,7,1,0,1
522,57,1,2,2300,1,8,1,0,1
523,6,1,1,1300,1,9,3,0,3
524,56,1,1,1050,1,5,1,0,1
525,35,1,1,2200,0,7,3,0,1
526,24,1,4,2875,1,9,2,0,0
527,13,1,2,1000,0,8,3,1,3
528,31,0,4,1700,1,9,2,0,2
529,39,0,4,2125,1,10,4,0,2
530,10,1,4,1550,0,9,4,0,2
531,5,1,2,1500,1,10,4,0,1
532,17,0,2,1000,0,8,3,0,2
533,15,0,2,1050,0,10,1,0,3
534,60,0,2,680,1,2,2,0,1
535,3,0,2,800,1,10,1,0,0
536,57,1,4,1300,0,9,3,0,1
537,27,1,2,1550,0,8,2,0,2
538,50,1,4,3000,1,9,2,0,1
539,6,0,4,550,1,7,4,0,2
540,27,1,2,2375,0,10,3,1,1
541,52,1,1,638,0,9,2,0,2
542,31,1,2,2200,1,9,2,0,1
543,36,0,2,2000,0,9,3,0,1
544,22,1,4,2500,1,9,3,1,1
545,29,0,2,1220,0,9,3,0,0
546,65,1,4,2300,1,9,3,0,2
547,56,1,1,1450,1,5,3,0,3
548,10,1,4,2800,0,9,4,0,1
549,55,0,1,960,0,10,3,0,1
550,59,0,1,440,1,6,2,0,1
551,32,0,4,3500,1,9,2,0,1
552,47,1,1,1650,1,8,2,0,0
553,56,0,2,813,1,2,4,0,1
554,34,0,4,1313,1,10,3,0,1
555,2,1,1,440,0,8,3,0,3
556,17,1,3,1500,0,9,2,0,3
557,26,0,4,1200,1,10,3,1,1
558,47,0,2,1300,0,9,2,0,1
559,35,0,4,1000,1,10,1,0,1
560,60,1,1,1950,0,2,2,0,3
561,3,0,4,800,1,9,4,0,1
562,50,1,1,1189,0,6,4,0,1
563,1,1,2,478,0,10,4,0,2
564,26,0,1,450,0,6,3,0,3
565,29,0,1,1000,1,1,2,0,0
566,41,0,1,1625,1,9,4,0,1
567,53,1,4,1200,0,8,3,1,2
568,22,1,4,3000,1,9,3,0,2
569,60,1,1,960,0,7,2,0,1
570,4,0,4,1200,1,10,4,0,2
571,2,1,2,450,1,10,3,0,2
572,44,0,3,2750,1,9,3,0,2
573,43,0,2,1875,0,10,4,0,0
574,16,0,2,1063,1,6,2,0,0
575,14,0,4,950,1,9,3,1,2
576,41,1,1,620,0,7,0,0,1
577,28,0,2,800,1,10,3,0,1
578,30,0,2,2300,0,7,1,0,1
579,32,0,2,650,1,9,2,0,1
580,60,1,1,3000,1,2,2,0,0
581,0,0,2,580,1,8,2,0,3
582,59,1,2,1200,0,6,1,0,0
583,30,0,4,1500,1,8,3,0,1
584,25,0,2,2400,0,9,3,0,1
585,64,0,1,1200,0,7,2,0,0
586,12,1,2,2600,1,9,2,0,1
587,47,0,1,1000,1,9,2,1,3
588,59,0,1,1000,1,10,3,0,1
589,59,1,2,1100,0,9,2,1,0
590,36,0,4,1000,1,6,1,0,2
591,57,1,2,970,0,7,2,0,2
592,47,0,2,850,0,10,3,0,0
593,31,0,4,1313,1,2,4,0,1
594,28,1,1,2000,1,10,3,0,3
595,46,1,4,755,1,2,3,1,2
596,55,1,2,860,0,6,1,0,0
597,51,0,1,1800,1,10,3,1,0
598,56,1,2,850,1,2,1,0,0
599,43,0,2,500,0,9,1,0,1
600,25,0,1,400,1,9,1,0,0
601,26,1,2,1200,0,7,2,0,0
602,11,1,2,1438,0,7,2,0,0
603,15,0,3,827,0,10,3,0,0
604,24,1,2,2500,1,9,2,0,2
605,21,1,4,2300,0,9,3,0,2
606,24,0,4,364,1,8,0,1,3
607,56,0,1,580,0,7,3,0,0
608,16,0,4,2800,1,9,3,0,0
609,8,0,2,500,1,2,4,0,0
610,5,0,4,550,1,10,4,0,0
611,34,1,2,2100,0,7,3,0,1
612,32,0,2,1500,1,10,3,0,1
613,31,0,3,2096,1,5,1,1,2
614,43,1,4,1200,1,10,3,0,1
615,14,0,4,2375,1,9,3,0,1
616,15,1,4,1300,0,9,3,0,2
617,20,0,4,1200,1,9,3,0,2
618,62,1,1,1200,1,6,3,1,1
619,38,1,4,2125,0,9,2,0,2
620,72,1,1,1800,0,6,0,0,2
621,20,1,3,2500,1,2,2,0,1
622,60,0,1,1300,0,9,2,1,2
623,49,0,4,2400,1,2,3,0,0
624,59,1,2,1800,1,2,2,0,1
625,46,1,1,1600,1,8,2,0,1
626,28,0,2,300,0,9,3,0,2
627,38,1,2,2125,1,9,2,1,1
628,35,1,2,2625,1,8,3,0,0
629,39,0,2,3000,1,2,4,0,2
630,10,1,3,3300,0,9,3,0,1
631,12,0,2,800,1,7,2,1,3
632,39,1,1,2250,1,10,3,0,2
633,31,1,2,1300,1,9,1,0,2
634,47,1,1,1000,0,8,2,0,3
635,32,1,1,2500,1,8,2,0,0
636,39,0,1,780,1,9,1,0,0
637,59,0,1,700,1,9,3,0,1
638,12,1,2,1600,1,2,4,0,2
639,33,1,1,720,1,3,0,0,3
640,31,1,4,4000,1,9,3,0,2
641,27,1,4,4600,1,8,3,1,1
642,34,1,1,1300,1,4,3,0,1
643,13,0,2,1400,0,8,3,0,3
644,35,0,2,450,0,3,0,0,3
645,25,1,2,1188,0,9,3,0,3
646,46,1,1,1700,1,9,3,0,0
647,46,1,4,1900,0,2,4,0,1
648,29,1,4,4500,1,10,4,0,1
649,11,1,1,1600,0,9,3,0,3
650,32,0,2,1313,1,6,2,0,0
651,45,0,3,2500,1,9,3,0,1
652,6,0,4,500,1,9,2,0,0
653,57,1,1,1500,1,9,3,0,1
654,62,1,4,2000,0,7,2,0,2
655,27,1,2,688,1,5,1,1,0
656,52,0,1,320,1,9,3,0,1
657,22,1,4,1840,1,8,3,0,2
658,45,0,0,220,1,2,2,0,0
659,14,0,4,3400,1,2,3,1,1
660,20,0,4,1188,0,10,3,0,2
661,7,1,3,300,1,10,4,0,3
662,31,0,1,700,1,10,2,0,1
663,58,1,1,2300,1,10,2,0,1
664,22,0,4,2000,0,9,3,1,2
665,62,0,2,938,1,2,1,0,1
666,1,1,3,300,1,8,4,0,0
667,31,1,2,3300,0,9,3,0,1
668,5,0,2,1500,1,9,3,0,0
669,34,0,2,2350,1,10,4,0,0
670,43,0,2,1063,1,2,3,0,2
671,2,0,4,720,1,10,4,0,0
672,52,1,2,615,0,7,1,0,2
673,44,0,2,900,1,8,3,1,1
674,50,1,2,2400,1,8,2,0,1
675,8,0,4,1620,1,10,3,0,2
676,44,0,3,1550,1,8,2,1,0
677,38,1,4,4250,0,10,3,1,3
678,22,0,2,1400,0,7,1,0,2
679,10,0,4,450,1,9,4,0,0
680,41,0,2,1650,0,10,3,0,1
681,40,0,2,1700,0,7,2,0,2
682,58,1,1,1200,1,10,1,0,1
683,29,1,4,2125,1,9,2,0,0
684,32,0,2,1100,1,8,3,0,2
685,30,1,2,8000,1,10,2,0,0
686,41,1,4,4100,0,10,2,0,1
687,41,1,3,5000,1,9,3,0,1
688,44,0,1,1000,1,10,4,0,1
689,35,1,4,3000,1,2,1,0,1
690,2,1,4,500,1,2,4,0,0
691,16,1,2,3000,0,9,3,0,3
692,35,1,3,4000,1,8,3,0,1
693,38,0,2,600,1,10,3,1,2
694,41,1,2,3450,1,10,4,0,0
695,65,1,2,2200,1,2,3,0,1
696,7,1,1,1600,1,8,3,0,3
697,20,1,4,3500,0,10,2,1,1
698,68,0,2,550,1,7,2,0,2
699,27,1,2,2200,0,10,2,0,1
700,9,1,2,2000,1,9,4,0,1
701,7,0,2,1300,1,9,3,0,0
702,60,1,1,890,0,8,2,0,3
703,24,0,3,450,1,10,4,0,1
704,40,1,2,3000,1,10,3,0,1
705,33,1,3,3200,1,10,4,0,2
706,36,0,2,1100,1,8,3,0,2
707,45,0,2,1450,0,10,3,0,1
708,46,1,4,2600,1,10,4,1,1
709,42,1,2,2600,1,2,3,0,0
710,29,0,2,3000,1,9,3,0,1
711,48,1,2,600,0,9,1,0,1
712,62,1,1,1625,1,2,1,1,1
713,39,0,1,600,1,2,1,0,3
714,51,1,1,1200,0,9,3,0,1
715,43,1,2,7500,1,9,3,0,1
716,33,0,2,2000,0,6,4,1,2
717,26,1,4,3300,1,9,2,0,1
718,47,1,2,2600,1,9,2,0,1
719,34,0,3,1100,1,2,3,0,0
720,27,0,4,1500,1,2,3,0,1
721,62,0,1,1000,0,10,3,0,1
722,28,0,3,600,1,6,1,0,0
723,39,0,2,800,1,9,2,0,1
724,36,0,2,1200,1,2,4,1,2
725,31,1,2,2000,0,9,3,0,1
726,58,1,4,6250,1,2,3,1,1
727,34,1,4,7500,1,9,3,0,1
728,5,1,2,700,1,7,2,0,2
729,48,1,2,1590,0,8,2,0,3
730,50,1,4,1900,1,8,3,1,0
731,24,1,4,400,1,9,3,1,2
732,54,1,4,8000,1,10,3,0,3
733,11,0,4,800,1,2,4,0,2
734,19,0,4,563,1,8,2,1,0
735,20,0,4,3600,0,9,4,0,1
736,25,0,4,2000,1,7,2,0,0
737,1,0,4,700,1,8,4,1,2
738,48,1,4,1200,0,9,2,0,3
739,9,0,4,2400,0,7,3,0,2
740,17,0,2,1300,1,9,3,0,2
741,15,1,2,1220,0,7,2,0,0
742,38,0,2,1000,0,8,1,0,3
743,16,0,2,280,0,10,4,0,3
744,35,1,4,3500,1,9,3,0,1
745,9,1,3,2000,0,9,2,0,2
746,52,1,1,2100,1,9,2,0,1
747,50,1,2,3000,1,8,2,1,3
748,17,1,4,1500,1,8,3,0,2
749,55,0,2,1000,1,5,0,0,1
750,12,0,3,1200,1,10,3,0,1
751,3,1,4,450,1,2,4,0,1
752,18,0,4,850,0,7,3,1,1
753,63,0,3,2200,1,2,2,0,2
754,50,0,2,890,1,2,3,1,1
755,53,0,2,1400,1,10,3,0,0
756,68,0,1,1200,1,9,2,0,1
757,66,0,1,2000,0,10,2,0,2
758,34,1,1,4200,1,10,3,0,0
759,35,1,2,3300,1,10,4,0,1
760,30,0,4,1500,1,9,2,0,2
761,0,1,2,480,1,10,4,0,1
762,29,1,2,2500,1,9,2,0,1
763,52,1,1,563,1,6,1,0,0
764,32,0,4,2000,1,9,4,1,2
765,72,0,2,1100,0,2,3,0,0
766,29,0,2,813,1,10,2,0,2
767,28,0,4,4300,1,10,3,0,0
768,6,1,2,1100,0,8,3,0,2
769,30,1,3,3500,1,9,3,0,3
770,35,1,2,750,1,6,0,1,3
771,27,1,3,2600,1,9,3,0,2
772,50,1,1,1800,1,2,3,0,0
773,4,0,4,750,1,10,3,0,2
774,47,0,2,813,0,9,2,1,1
775,20,1,2,2250,1,9,2,1,1
776,48,1,1,750,1,6,1,0,1
777,12,1,3,1650,0,9,3,0,2
778,58,0,4,1400,0,2,4,1,0
779,31,1,1,1000,1,6,2,0,0
780,6,0,2,930,0,10,3,0,3
781,32,1,2,4000,1,2,4,0,1
782,70,1,1,1875,1,8,1,0,1
783,18,1,4,2300,0,9,3,0,1
784,33,1,4,1900,1,6,3,1,2
785,1,1,2,450,1,7,3,0,1
786,26,0,2,1250,0,9,2,0,2
787,21,1,2,1438,0,10,3,0,3
788,40,0,3,3100,1,9,2,0,3
789,42,0,4,5500,1,2,4,0,2
790,36,0,1,1438,1,8,3,0,1
791,32,0,4,5000,1,10,3,0,1
792,6,1,1,1800,1,8,3,1,2
793,43,1,2,600,1,7,1,0,2
794,40,1,2,3400,1,10,1,0,1
795,27,1,4,8750,1,10,4,1,1
796,60,1,1,1000,0,7,2,0,1
797,20,0,4,900,1,8,2,1,2
798,21,0,4,650,1,10,3,1,0
799,50,1,2,950,0,8,1,1,2
800,16,1,2,2900,1,2,4,1,1
801,15,1,2,1800,0,6,4,0,3
802,43,0,2,800,0,9,2,1,1
803,8,0,4,2000,1,6,3,1,2
804,48,0,4,1800,0,10,3,0,3
805,11,0,2,1500,1,2,3,0,1
806,14,1,4,2450,1,9,3,1,0
807,52,1,1,1100,0,6,2,0,3
808,26,1,2,2875,1,10,2,0,0
809,64,1,2,1800,0,9,3,0,2
810,20,1,2,1350,0,9,3,0,0
811,3,1,1,1200,1,5,3,0,2
812,30,1,4,1188,0,4,4,0,1
813,58,0,2,800,1,2,3,0,1
814,17,0,1,938,0,9,3,0,0
815,10,0,3,1625,1,9,4,0,3
816,46,0,4,3000,1,9,3,0,0
817,6,0,4,570,0,9,3,0,2
818,8,0,4,480,1,9,4,1,0
819,49,1,4,7500,1,2,3,0,1
820,70,0,1,1100,0,2,2,1,0
821,60,1,2,1400,0,9,3,0,0
822,44,0,2,900,0,10,2,0,0
823,42,0,4,1900,0,6,1,0,2
824,46,0,1,700,1,2,3,0,0
825,9,1,4,3000,0,9,4,0,0
826,57,0,2,78,1,2,3,0,1
827,35,0,2,938,0,8,3,0,2
828,35,0,2,800,1,8,3,1,1
829,16,0,4,2200,1,2,4,1,1
830,15,0,4,2100,1,10,3,0,1
831,24,0,4,2600,1,9,3,1,1
832,36,1,2,1000,0,4,1,0,0
833,58,1,1,1188,0,9,1,0,1
834,45,1,4,3500,0,9,3,0,1
835,33,1,4,2875,1,5,3,1,2
836,26,0,4,1500,1,9,3,0,2
837,54,0,4,620,0,8,2,0,1
838,2,1,2,1625,1,2,4,0,3
839,38,1,2,2500,1,10,2,0,1
840,25,0,4,4000,1,9,4,0,1
841,18,1,2,1800,1,10,4,1,1
842,32,0,2,2400,0,9,3,0,1
843,15,0,2,770,1,9,3,0,1
844,30,0,4,1200,1,9,4,0,0
845,17,0,1,688,1,2,4,0,2
846,40,1,1,4000,1,9,3,0,0
847,46,0,1,938,1,8,1,0,0
848,2,0,1,435,1,6,0,1,2
849,42,0,2,1500,0,10,3,0,0
850,26,1,1,970,1,8,3,0,2
851,26,1,1,2000,1,7,2,0,1
852,27,1,2,1600,1,9,3,0,1
853,47,0,1,901,1,9,2,0,1
854,19,0,2,2100,1,8,3,0,1
855,50,1,1,1200,1,10,3,0,1
856,47,1,4,650,0,8,2,0,2
857,50,1,2,1850,1,9,3,0,2
858,18,1,2,2500,1,5,3,0,3
859,58,1,2,820,1,5,3,0,1
860,69,1,4,1000,0,9,3,0,2
861,31,1,4,4500,1,8,3,0,0
862,29,1,4,2200,0,10,4,0,3
863,26,0,1,800,1,2,3,0,0
864,3,0,4,457,0,2,3,0,1
865,52,0,3,813,1,10,1,0,1
866,55,0,1,1000,0,10,3,0,2
867,38,0,1,1300,1,6,2,0,1
868,59,1,1,1600,1,9,3,0,1
869,15,1,4,3000,1,10,3,0,0
870,63,0,1,800,0,7,3,0,2
871,52,0,1,1200,1,10,2,0,2
872,35,1,2,2800,0,10,3,0,2
873,46,0,2,1100,1,10,2,0,0
874,44,1,1,2700,1,9,3,0,0
875,26,0,2,813,1,10,3,0,2
876,51,1,1,970,1,7,2,0,0
877,36,0,2,1400,1,7,1,0,1
878,3,1,4,950,1,10,3,0,1
879,23,1,2,2375,1,9,3,0,1
880,47,0,2,2000,1,9,3,0,0
881,29,1,1,1400,0,7,2,0,3
882,61,0,2,300,1,9,2,1,1
883,43,1,1,404,1,6,0,0,3
884,29,1,3,2500,1,8,3,0,3
885,50,0,1,550,1,2,3,0,1
886,3,0,2,735,1,10,4,1,3
887,30,0,4,2000,1,9,3,1,2
888,26,0,4,950,1,2,3,0,1
889,41,1,1,3500,1,2,4,0,0
890,41,0,2,2125,1,9,2,0,0
891,34,0,2,2200,1,10,3,0,2
892,26,1,4,3000,0,2,3,1,1
893,44,1,1,2000,1,2,4,0,1
894,46,1,4,1100,0,10,3,1,3
895,48,1,4,2500,1,9,3,0,3
896,26,0,4,3600,1,9,4,1,2
897,15,1,4,3300,1,10,3,0,0
898,59,1,1,1200,1,9,2,0,1
899,43,1,1,2500,1,10,1,0,0
900,12,1,3,1600,1,9,2,1,2
901,62,0,4,920,0,10,3,0,2
902,29,0,2,1260,1,9,3,0,3
903,4,1,4,1500,1,2,4,1,2
904,19,1,2,1875,1,9,2,0,1
905,57,1,2,1700,1,9,3,0,1
906,68,0,1,1400,0,8,2,0,0
907,19,1,2,1100,1,9,3,1,0
908,23,0,2,1200,1,10,3,0,0
909,33,1,2,1438,0,9,3,0,0
910,47,1,2,2300,1,2,3,1,1
911,54,0,1,880,0,6,2,0,0
912,2,0,1,300,1,9,3,1,0
913,25,1,4,4100,1,2,3,1,1
914,41,0,4,1800,0,9,2,0,3
915,36,1,2,2000,0,9,3,0,2
916,46,1,1,2200,1,10,3,0,2
917,38,0,3,1500,1,9,3,0,2
918,13,1,2,1500,1,9,3,0,0
919,14,0,1,500,1,9,3,0,3
920,27,1,4,1200,1,5,2,0,0
921,8,1,4,600,1,7,3,0,1
922,2,0,4,300,1,10,4,0,1
923,63,1,0,1600,1,9,3,0,1
924,58,1,1,1069,0,10,3,0,0
925,0,1,2,800,1,2,4,0,0
926,10,0,3,2150,1,10,4,0,0
927,15,0,2,165,0,7,4,0,2
928,30,0,2,1400,0,9,3,0,1
929,68,1,4,1438,1,9,3,1,2
930,28,0,2,1188,1,8,2,0,2
931,37,0,1,1100,1,10,1,0,2
932,39,0,2,1800,1,9,2,0,3
933,56,1,2,1220,0,6,0,0,1
934,1,0,2,340,1,10,4,0,0
935,14,0,2,765,1,10,4,0,0
936,63,1,1,1300,1,2,3,1,3
937,39,1,2,2300,1,10,3,1,0
938,2,1,2,680,0,9,4,0,1
939,7,0,4,450,0,5,1,1,1
940,47,1,4,2800,1,9,2,1,3
941,27,0,2,1200,1,9,4,0,1
942,26,1,4,650,1,9,4,0,1
943,42,1,1,1078,1,4,3,0,3
944,17,1,2,2200,1,2,4,0,1
945,14,0,4,4800,1,2,3,0,1
946,47,0,2,813,1,10,4,0,0
947,38,1,2,970,0,9,1,0,1
948,67,0,0,1800,0,8,1,1,0
949,52,0,4,2875,1,10,2,0,1
950,47,0,3,1300,1,9,2,0,2
951,18,0,4,2800,1,8,1,1,2
952,47,0,2,430,1,10,2,0,1
953,18,1,4,3500,1,8,3,1,1
954,33,1,2,2300,0,10,3,0,3
955,59,0,2,2400,1,9,2,1,1
956,42,1,1,2500,1,2,2,0,0
957,67,1,0,900,0,8,2,0,1
958,40,0,2,700,0,8,3,0,2
959,16,0,4,2125,1,9,4,0,2
960,51,1,2,3500,1,10,2,0,1
961,30,0,4,450,1,9,4,1,1
962,45,1,2,3000,1,2,2,0,0
963,44,1,2,1000,0,2,2,0,3
964,38,1,1,5000,1,2,3,0,1
965,38,0,2,1700,0,6,3,0,2
966,48,1,4,1600,1,9,3,0,0
967,49,0,4,813,0,8,3,0,1
968,63,0,1,1500,1,5,0,0,1
969,60,0,2,1200,1,9,2,0,1
970,47,1,2,528,0,9,2,0,1
971,52,0,1,800,1,9,3,0,1
972,24,0,4,1900,1,8,3,0,0
973,61,1,1,1800,0,9,2,0,1
974,29,0,2,1188,0,6,2,0,0
975,48,0,2,1200,1,9,2,0,1
976,70,0,2,2500,0,7,1,0,2
977,48,1,3,1300,0,10,3,0,2
978,66,0,0,2000,1,2,2,0,0
979,18,1,4,2000,0,8,3,0,3
980,58,1,1,1340,1,10,3,0,3
981,64,0,1,997,0,8,2,0,0
982,64,1,4,2000,1,10,3,0,2
983,17,1,1,2000,1,8,2,0,1
984,37,0,2,1188,1,2,2,0,1
985,37,1,1,2600,1,10,2,0,2
986,23,1,2,1500,1,2,3,0,1
987,19,0,1,900,1,2,3,0,2
988,58,1,1,900,0,9,1,0,1
989,45,1,1,2000,1,8,2,0,1
990,33,1,2,1400,0,6,3,0,3
991,51,1,4,2125,0,9,4,0,1
992,34,1,1,2000,1,2,3,0,1
993,49,0,2,850,1,2,4,0,1
994,7,0,4,1600,1,9,4,0,1
995,16,0,2,1900,1,9,3,0,2
996,33,1,2,1100,0,9,3,0,3
997,47,1,1,1800,1,10,3,0,2
998,24,1,4,4000,1,9,3,0,0
999,39,1,2,136,1,1,0,1,3
1000,25,0,4,1600,1,9,3,0,1
1001,57,0,2,1200,1,8,1,0,0
1002,17,1,3,1000,1,10,3,0,2
1003,15,0,4,3000,0,9,3,1,1
1004,55,0,2,955,0,6,0,0,1
1005,44,0,2,1300,0,9,4,0,1
1006,15,1,4,600,1,8,4,1,1
1007,16,1,4,1800,1,10,3,0,2
1008,34,0,2,950,0,6,2,0,3
1009,48,1,2,500,0,8,2,0,2
1010,28,1,4,3500,0,9,4,0,1
1011,14,1,2,3500,1,8,3,0,2
1012,10,0,4,600,1,8,3,0,0
1013,49,1,4,2400,1,9,3,1,1
1014,8,1,2,2000,1,9,3,1,2
1015,39,1,2,3500,1,9,3,0,1
1016,31,0,2,1400,1,10,3,0,1
1017,44,0,1,950,1,6,0,0,2
1018,60,1,1,3000,1,9,2,0,1
1019,49,0,2,950,0,10,3,0,0
1020,63,1,2,3000,1,9,3,0,1
1021,2,1,4,300,1,10,4,0,0
1022,30,0,4,2850,1,10,4,0,1
1023,20,1,1,2300,1,2,1,1,2
1024,62,0,4,2000,1,2,1,1,0
1025,3,0,1,1100,1,9,2,0,0
1026,21,0,2,850,1,2,4,0,2
1027,41,1,4,3750,1,10,3,0,1
1028,18,0,4,1000,1,2,4,1,2
1029,27,1,4,2000,1,8,2,0,2
1030,20,1,2,5000,1,2,3,0,1
1031,18,1,1,2000,1,10,4,0,0
1032,29,0,2,1000,1,8,3,0,2
1033,53,1,2,1400,1,9,3,1,1
1034,58,1,4,8000,1,10,3,0,0
1035,42,1,2,4200,0,9,1,0,1
1036,16,0,3,1600,1,9,3,0,1
1037,4,1,3,700,1,8,3,0,0
1038,47,1,1,3500,1,7,2,0,1
1039,32,1,4,3600,0,10,3,0,0
1040,51,0,4,2875,0,9,3,0,2
1041,51,0,1,650,1,6,1,0,1
1042,49,0,2,500,1,2,3,1,1
1043,37,0,2,1500,0,6,2,0,3
1044,27,1,2,2000,1,10,3,0,1
1045,32,0,2,1200,1,9,3,0,0
1046,30,1,1,3100,1,9,3,0,3
1047,53,1,2,1100,0,8,2,0,0
1048,16,1,2,1711,0,7,2,0,2
1049,53,1,1,2125,1,9,2,0,1
1050,47,1,4,2000,1,2,3,1,1
1051,49,1,3,1800,1,10,3,0,0
1052,45,0,2,1000,0,10,4,0,2
1053,26,1,4,3100,1,10,3,0,1
1054,64,0,1,1500,1,2,2,0,1
1055,38,0,4,2700,1,9,3,0,2
1056,31,1,4,2000,1,6,2,0,0
1057,49,1,2,8750,1,10,2,0,2
1058,11,0,4,1500,1,10,4,1,1
1059,33,0,2,1875,1,10,3,0,0
1060,55,1,2,1625,0,9,2,0,3
1061,33,0,2,813,1,9,3,0,1
1062,3,0,3,450,1,4,3,0,2
1063,19,1,1,837,1,6,2,1,3
1064,56,0,4,2500,1,9,3,0,1
1065,5,1,3,250,1,9,3,0,2
1066,25,0,2,1400,1,9,3,0,0
1067,59,0,1,1400,0,7,2,0,0
1068,34,1,2,1600,0,2,3,0,0
1069,58,1,3,4500,1,9,4,1,1
1070,4,0,4,280,1,10,3,0,2
1071,8,1,4,650,1,7,3,0,1
1072,13,1,3,1600,1,10,4,0,2
1073,39,0,1,1400,1,2,4,0,1
1074,52,0,2,1800,1,9,3,0,1
1075,40,0,3,2000,1,4,2,0,1
1076,41,1,1,1800,1,8,3,0,1
1077,29,0,4,1200,1,9,3,1,1
1078,13,0,4,2400,1,2,4,0,1
1079,6,1,2,1313,1,8,3,0,0
1080,23,0,3,1313,1,10,4,0,1
1081,37,1,3,1700,1,2,2,0,2
1082,19,0,1,983,1,8,4,0,1
1083,46,1,1,1185,1,10,2,0,1
1084,34,0,2,938,1,10,3,0,3
1085,26,1,4,1750,1,8,3,0,1
1086,27,0,2,675,0,8,1,0,0
1087,3,1,4,1188,1,2,4,0,1
1088,34,1,4,3800,0,8,3,1,2
1089,22,0,1,1000,1,7,2,0,1
1090,17,1,4,1734,1,10,4,1,0
1091,54,0,3,460,1,10,2,0,2
1092,22,0,4,800,0,8,3,0,2
1093,55,0,2,1016,0,6,2,0,0
1094,60,1,1,1220,0,8,1,0,2
1095,53,0,4,1050,0,9,2,0,0
1096,54,0,2,1800,0,9,2,0,2
1097,63,1,4,1800,0,9,2,0,1
1098,57,1,3,3800,0,9,2,0,0
1099,54,1,2,4200,1,9,2,0,1
1100,28,0,4,1600,0,10,4,1,2
1101,42,1,2,1350,1,9,3,0,3
1102,40,1,2,1063,0,9,3,0,2
1103,37,1,1,720,1,6,1,0,2
1104,31,0,4,1188,1,8,2,1,1
1105,73,1,2,1600,1,6,2,0,0
1106,42,1,2,2000,0,9,2,0,3
1107,54,0,2,890,1,10,3,0,1
1108,19,1,4,2300,1,10,4,1,2
1109,31,0,2,813,0,9,2,0,3
1110,24,0,1,700,1,9,3,0,0
1111,19,0,4,2000,1,9,3,1,1
1112,59,1,1,1200,1,9,3,0,1
1113,20,1,1,532,1,4,1,0,3
1114,6,0,4,597,0,8,3,1,2
1115,48,1,1,1800,1,8,1,1,3
1116,23,0,2,1188,0,7,3,0,2
1117,28,1,4,4000,1,9,4,1,2
1118,57,0,2,360,1,9,3,0,2
1119,18,1,4,3500,1,2,3,0,1
1120,36,0,1,1100,1,2,2,0,0
1121,28,1,2,2300,1,9,3,0,1
1122,23,1,1,1500,0,9,3,1,3
1123,50,1,1,780,1,10,1,0,1
1124,59,0,2,2000,1,2,2,0,1
1125,55,1,1,930,0,6,2,0,3
1126,33,0,4,3300,1,2,4,0,1
1127,60,1,1,1450,0,9,2,0,3
1128,46,1,2,1400,1,6,4,0,1
1129,36,0,4,1200,1,10,3,1,1
1130,46,1,2,3500,1,9,3,0,1
1131,47,1,2,1010,0,10,3,0,1
1132,41,1,2,1100,0,8,2,0,2
1133,20,0,2,450,1,10,3,1,0
1134,34,1,3,2500,0,9,1,0,3
1135,20,0,4,840,1,7,3,1,2
1136,18,1,2,1400,0,6,2,0,1
1137,41,1,3,2600,1,2,3,0,1
1138,33,1,2,1500,0,6,2,0,0
1139,60,0,1,938,0,6,1,0,1
1140,20,1,1,3000,1,2,3,1,2
1141,43,1,2,600,0,4,0,0,3
1142,51,0,1,1000,1,2,3,0,0
1143,56,1,2,3200,1,9,3,0,1
1144,17,0,2,1100,0,8,3,0,2
1145,18,0,4,1370,0,8,0,0,2
1146,41,1,4,2125,1,10,3,0,0
1147,15,1,4,3500,1,9,4,1,1
1148,43,0,1,900,1,9,1,1,0
1149,47,1,4,8000,0,9,3,0,0
1150,27,0,1,1000,1,4,1,0,3
1151,34,1,1,1600,1,9,2,0,3
1152,49,0,4,2500,1,9,2,0,2
1153,56,1,1,1050,0,8,1,0,1
1154,25,0,4,1100,0,9,3,0,0
1155,56,0,1,600,1,2,0,0,0
1156,16,1,3,1700,1,9,3,0,0
1157,37,1,4,2000,0,9,3,1,2
1158,12,1,4,400,1,9,3,1,2
1159,6,1,4,700,1,9,2,0,0
1160,59,1,3,3300,1,9,2,0,1
1161,62,1,1,900,1,2,3,0,1
1162,44,0,4,2000,0,10,2,0,1
1163,34,0,2,1200,1,9,3,0,2
1164,6,0,3,300,0,10,3,0,2
1165,22,0,3,2050,1,10,3,0,1
1166,54,1,2,900,0,4,2,0,2
1167,5,1,4,500,1,8,2,0,2
1168,8,0,2,1550,1,9,4,0,2
1169,46,0,4,564,1,10,4,0,1
1170,46,1,3,2625,1,9,3,0,3
1171,66,0,1,1440,0,9,2,0,1
1172,36,1,2,1900,1,7,0,0,3
1173,34,1,2,5000,0,10,3,0,3
1174,67,1,4,5000,1,8,1,0,3
1175,12,1,2,1700,1,9,2,0,0
1176,40,0,2,1800,1,8,3,0,0
1177,16,0,3,1300,0,10,3,0,1
1178,40,1,4,3400,1,9,3,0,2
1179,20,1,3,4500,1,2,2,1,1
1180,57,0,1,1050,1,4,0,0,1
1181,58,0,2,750,1,10,2,0,2
1182,22,1,2,300,1,4,1,0,0
1183,9,1,0,900,0,6,4,0,1
1184,16,1,3,8750,1,8,3,0,1
1185,49,1,4,2000,1,9,3,1,2
1186,37,0,2,688,0,9,2,0,2
1187,10,0,4,1600,1,7,2,0,2
1188,36,1,2,2200,1,9,3,1,0
1189,67,1,1,1000,1,2,0,0,1
1190,15,0,4,2640,1,8,2,0,1
1191,50,0,1,1100,0,0,2,0,0
1192,9,0,2,1350,0,10,3,0,2
1193,36,1,4,7000,1,10,4,1,2
1194,8,1,3,2100,1,4,4,0,3
1195,69,1,4,5000,1,10,3,0,3
1196,38,0,4,4000,0,10,2,0,1
1197,46,0,1,350,1,10,2,0,1
1198,22,1,2,2500,1,9,3,0,1
1199,25,1,4,4200,1,9,3,0,0
1200,29,0,1,938,0,9,3,0,1
1201,20,1,4,1600,0,7,3,0,0
1202,33,1,2,3500,1,10,2,0,1
1203,35,1,1,2500,1,9,2,0,3
1204,13,1,2,2700,1,9,2,0,1
1205,49,0,2,982,1,7,1,0,1
1206,34,0,1,360,1,0,0,0,2
1207,39,0,4,2000,0,2,4,0,1
1208,40,1,2,2125,0,9,2,0,1
1209,47,0,2,900,0,5,1,0,2
1210,51,1,1,1600,1,10,2,0,0
1211,39,1,4,6000,1,10,3,0,1
1212,30,1,4,3500,1,10,3,1,2
1213,30,1,2,2500,0,9,3,0,1
1214,45,1,2,650,0,6,1,0,0
1215,38,0,2,2000,1,9,3,0,0
1216,33,0,2,1600,1,10,3,0,1
1217,67,0,2,2000,1,6,1,0,0
1218,19,1,2,2600,1,10,4,1,1
1219,41,1,4,3000,0,8,2,0,2
1220,0,1,4,550,1,8,1,1,2
1221,57,0,4,300,1,2,4,0,1
1222,36,1,3,4500,1,9,0,1,3
1223,39,1,4,4500,0,9,3,0,1
1224,41,1,2,750,0,8,1,0,3
1225,47,1,4,660,0,4,1,0,3
1226,5,1,4,400,0,9,3,0,1
1227,19,1,4,2000,0,9,4,1,1
1228,34,1,4,3500,1,8,3,0,1
1229,8,0,0,399,1,5,1,0,0
1230,20,0,4,1200,1,10,2,1,2
1231,67,1,1,1600,1,9,1,0,1
1232,25,0,2,590,1,7,3,0,2
1233,6,1,4,400,1,7,4,0,0
1234,44,1,1,2000,1,10,3,0,3
1235,36,1,1,1000,0,10,2,0,2
1236,61,1,4,1600,1,2,2,1,1
1237,40,0,4,4300,1,2,4,0,1
1238,33,1,3,875,1,2,2,1,0
1239,53,1,4,2125,1,9,4,1,1
1240,15,1,4,2400,1,9,4,1,2
1241,64,0,4,700,0,10,2,0,2
1242,7,1,4,1000,1,9,3,0,3
1243,8,0,4,1000,1,2,3,1,1
1244,50,0,2,350,1,2,4,0,2
1245,30,0,4,4000,1,9,3,0,2
1246,52,1,4,3200,1,2,3,1,0
1247,46,0,2,1100,1,2,3,0,2
1248,59,0,1,200,1,8,1,0,0
1249,12,1,2,1550,1,9,2,1,0
1250,56,1,4,1700,0,7,2,0,1
1251,69,1,1,700,1,6,0,0,1
1252,12,0,2,2200,1,9,3,0,2
1253,60,0,4,530,1,10,2,0,1
1254,30,1,4,2000,1,9,3,0,1
1255,45,0,1,1300,1,10,3,0,1
1256,15,0,4,2300,1,9,2,0,2
1257,47,1,1,1300,1,7,0,0,0
1258,36,0,1,1100,1,6,1,0,3
1259,44,1,2,2500,1,9,2,0,1
1260,0,0,4,65,1,10,4,0,2
1261,24,0,2,1300,1,9,3,1,0
1262,23,1,2,380,0,4,3,0,2
1263,33,1,2,3900,1,10,3,0,0
1264,2,0,4,1200,1,9,4,0,0
1265,28,1,2,2625,0,9,3,0,2
1266,58,0,0,500,0,10,3,0,0
1267,37,1,4,2300,0,10,3,0,2
1268,49,1,1,1438,1,10,3,0,1
1269,34,0,1,1900,1,9,4,0,2
1270,18,0,4,1800,1,10,3,1,2
1271,11,1,4,2600,1,5,4,0,0
1272,68,0,4,3300,1,10,2,0,1
1273,55,1,1,2400,1,0,3,0,1
1274,36,0,1,563,0,1,0,0,3
1275,32,0,4,900,1,9,2,0,2
1276,19,1,4,1400,1,10,3,0,2
1277,54,1,4,3500,1,9,3,0,1
1278,50,0,2,250,1,10,1,0,1
1279,39,0,1,674,1,6,0,0,1
1280,55,1,1,1200,1,8,0,0,2
1281,32,0,2,1100,1,9,3,0,0
1282,33,1,3,2700,1,10,2,0,1
1283,27,1,2,2125,1,8,4,1,0
1284,33,0,2,1700,0,9,3,0,1
1285,27,0,4,150,1,8,3,0,2
1286,29,0,2,2000,0,2,3,0,2
1287,1,1,3,700,1,10,4,0,0
1288,5,1,4,500,0,9,4,0,2
1289,32,1,1,1040,1,7,4,0,0
1290,52,0,1,730,0,9,2,0,1
1291,53,0,1,2200,1,8,2,0,1
1292,44,1,2,2050,1,9,2,0,3
1293,27,0,3,450,1,2,4,1,1
1294,41,0,2,1600,1,2,4,0,0
1295,13,1,2,2400,1,9,1,0,1
1296,10,0,4,2125,1,9,3,1,1
1297,11,0,4,2600,1,2,4,1,2
1298,66,1,4,1500,0,9,3,0,1
1299,18,0,1,1625,1,10,3,0,0
1300,40,0,2,700,1,2,2,0,2
1301,16,1,2,1600,0,8,3,0,3
1302,44,1,2,2875,1,8,2,0,2
1303,28,1,2,938,0,3,1,0,2
1304,43,0,2,2300,1,6,3,0,0
1305,3,0,4,620,1,2,3,0,2
1306,58,1,4,2400,1,9,2,0,1
1307,63,0,4,1080,0,6,2,0,1
1308,35,1,2,800,0,8,1,0,1
1309,23,1,4,4500,1,10,3,0,1
1310,8,0,2,1100,0,9,4,0,1
1311,56,1,4,1400,0,2,2,0,0
1312,41,1,1,1900,1,9,2,0,3
1313,35,0,1,1000,1,6,2,0,1
1314,17,0,4,670,1,10,3,0,1
1315,22,0,4,1313,1,9,2,1,1
1316,41,0,1,3000,1,6,2,0,3
1317,42,1,1,2000,1,9,1,0,1
1318,19,1,1,1050,0,8,3,0,3
1319,65,1,3,1200,0,8,1,0,0
1320,26,0,2,1188,1,4,1,0,1
1321,27,0,4,1800,1,7,3,0,2
1322,31,0,2,1200,1,2,3,0,2
1323,65,0,1,520,1,2,3,0,0
1324,32,1,1,1438,1,9,1,0,0
1325,24,0,3,100,1,10,1,0,2
1326,27,1,4,4500,1,10,3,1,0
1327,42,1,1,600,1,9,2,0,1
1328,39,1,2,2875,1,8,2,0,0
1329,32,1,4,3400,0,9,2,0,1
1330,50,1,2,800,1,5,2,0,0
1331,24,0,2,4000,1,10,4,0,0
1332,9,0,4,1600,1,10,4,0,1
1333,72,1,1,2125,1,10,2,1,1
1334,18,0,2,650,1,10,4,0,1
1335,9,0,4,400,0,8,1,0,2
1336,41,0,3,1700,1,2,2,0,1
1337,8,0,1,750,1,4,2,0,2
1338,12,1,4,2000,1,9,3,0,1
1339,13,0,4,830,0,1,0,0,2
1340,35,1,4,2400,1,9,2,0,2
1341,25,0,4,2875,0,10,3,1,0
1342,63,0,2,1833,1,9,1,0,0
1343,20,1,1,1600,1,10,4,0,2
1344,54,1,1,1980,1,6,1,1,2
1345,12,1,3,2400,1,9,4,1,0
1346,20,0,2,2250,1,10,3,0,1
1347,63,0,2,1100,1,10,3,1,0
1348,52,1,2,2625,1,2,2,0,1
1349,36,1,2,3500,1,9,3,0,1
1350,51,0,2,1400,0,6,0,0,0
1351,11,0,3,1700,1,10,3,0,1
1352,38,0,1,1400,1,6,3,0,0
1353,27,0,2,2200,0,10,3,0,0
1354,1,0,4,1000,0,10,4,0,2
1355,28,0,2,950,1,9,3,0,1
1356,17,0,2,665,0,9,1,0,3
1357,57,1,2,2200,1,9,0,0,1
1358,25,1,4,3500,0,9,3,0,3
1359,27,1,2,1200,0,8,2,0,1
1360,31,1,2,1700,1,9,2,0,3
1361,29,0,2,400,0,7,4,0,2
1362,27,0,2,350,0,2,3,0,3
1363,37,1,1,3000,1,8,2,0,0
1364,17,1,3,2100,0,9,3,0,3
1365,38,0,4,450,1,2,3,1,1
1366,37,0,3,800,1,9,4,0,1
1367,22,1,2,2500,1,2,4,0,0
1368,51,1,2,1200,0,9,3,0,3
1369,51,1,2,922,1,2,2,0,0
1370,6,0,3,600,1,9,3,1,2
1371,4,1,4,300,1,9,3,0,1
1372,39,0,2,1000,0,4,0,0,1
1373,33,0,2,1000,0,6,2,0,3
1374,41,1,4,1800,1,10,2,0,0
1375,45,1,3,2000,1,10,2,0,2
1376,22,0,3,2000,1,10,1,0,2
1377,61,1,1,1200,1,2,2,0,0
1378,33,0,2,1500,1,2,3,0,2
1379,48,1,4,1300,0,9,4,1,2
1380,26,0,3,1500,1,7,3,1,2
1381,45,0,2,820,1,2,2,0,1
1382,19,0,4,1500,1,10,2,0,1
1383,32,0,4,2300,1,2,4,1,2
1384,27,1,1,1500,0,7,3,1,2
1385,57,0,1,1200,1,7,2,0,1
1386,56,1,4,2300,1,10,3,0,1
1387,55,1,1,1200,1,8,3,1,3
1388,17,1,2,1500,0,9,3,0,1
1389,57,1,2,950,0,6,2,0,0
1390,59,1,2,1500,1,9,1,0,0
1391,33,0,3,2000,1,10,3,1,2
1392,54,1,4,6500,1,9,4,1,1
1393,18,0,4,1400,0,10,4,0,3
1394,31,0,2,2500,1,10,3,0,0
1395,51,1,1,1100,1,2,2,0,1
1396,10,0,2,200,1,9,4,0,0
1397,54,1,1,2000,0,2,4,0,1
1398,4,1,4,650,1,9,4,0,1
1399,19,0,2,880,0,9,2,0,2
1400,37,0,2,1350,1,7,4,0,3
1401,68,0,1,1400,1,2,2,0,1
1402,12,1,3,650,1,9,3,0,3
1403,7,0,4,1875,1,9,2,0,0
1404,10,0,4,450,1,10,4,1,2
1405,37,0,2,1313,0,9,2,0,0
1406,19,1,3,1200,0,10,3,1,1
1407,24,0,3,990,1,9,2,1,0
1408,28,1,4,4000,1,9,3,0,1
1409,60,0,1,1875,0,6,3,0,2
1410,15,0,2,1200,1,2,4,0,0
1411,32,1,1,1100,0,2,3,0,2
1412,16,1,2,760,0,6,4,0,3
1413,16,0,2,1800,1,9,1,0,3
1414,54,1,4,3000,1,8,3,0,1
1415,15,0,3,1200,1,10,4,0,1
1416,56,1,4,4000,1,7,2,1,1
1417,71,1,2,2800,1,9,1,0,1
1418,39,1,2,1400,0,9,3,0,3
1419,42,1,2,900,1,4,2,0,3
1420,47,1,2,735,0,2,4,0,2
1421,28,0,4,3300,1,10,4,1,1
1422,40,1,2,4000,1,9,2,0,3
1423,48,1,1,720,0,10,2,0,2
1424,40,1,4,4200,1,10,2,0,1
1425,40,1,2,3000,0,10,4,0,3
1426,42,1,2,1188,0,7,2,1,1
1427,33,1,4,6250,1,8,2,0,3
1428,42,1,4,2000,1,9,2,1,2
1429,34,1,2,4400,1,9,2,0,1
1430,1,0,2,950,0,2,3,0,0
1431,30,1,4,4500,1,9,3,1,1
1432,8,1,2,1200,0,8,1,0,0
1433,22,0,4,2200,1,10,2,0,1
1434,48,0,2,1000,0,10,0,0,1
1435,12,1,4,2500,1,10,4,0,1
1436,42,0,2,400,0,8,2,0,1
1437,53,0,1,600,1,7,2,0,0
1438,42,0,2,750,0,2,3,0,1
1439,38,0,3,2070,0,8,2,0,1
1440,67,1,1,1200,0,9,2,0,2
1441,61,0,1,1000,1,10,1,0,1
1442,46,1,4,2500,1,6,1,0,0
1443,15,0,4,500,0,10,4,1,0
1444,18,0,1,1500,1,8,2,1,2
1445,52,0,2,1313,1,2,4,1,1
1446,30,1,4,3000,1,8,2,0,0
1447,30,1,4,2200,0,9,4,0,0
1448,43,1,4,2300,1,8,2,1,2
1449,29,0,1,1500,1,10,3,0,0
1450,70,0,1,480,1,7,2,0,1
1451,60,1,4,1430,0,2,2,0,0
1452,46,1,4,3000,1,8,3,1,3
1453,16,1,2,1875,1,9,2,0,0
1454,71,1,3,1800,0,8,0,1,0
1455,18,0,4,1388,1,2,3,1,2
1456,38,0,4,1500,1,10,3,0,1
1457,4,1,4,440,0,8,4,0,0
1458,38,0,4,2050,1,5,1,1,3
1459,19,1,4,3500,1,2,4,0,1
1460,17,0,2,2500,1,4,1,0,1
1461,9,1,2,2300,0,10,4,1,1
1462,38,0,4,500,1,10,3,0,2
1463,58,0,1,1200,1,9,3,0,1
1464,10,1,2,1000,0,8,3,0,3
1465,42,0,3,2400,0,10,1,0,2
1466,47,1,2,1350,0,9,3,0,3
1467,31,0,2,1600,1,2,4,0,0
1468,64,0,1,1063,1,2,3,0,0
1469,44,1,2,1500,0,9,3,0,2
1470,37,1,1,2000,1,9,3,0,1
1471,37,0,2,2500,0,10,4,0,0
1472,41,1,1,2700,1,8,2,0,3
1473,30,0,3,1600,0,7,2,0,1
1474,21,1,2,1750,1,7,3,1,3
1475,19,0,1,300,1,10,2,0,1
1476,24,1,2,6500,1,2,3,0,3
1477,47,1,4,4500,1,10,1,1,2
1478,34,1,2,1438,0,9,3,0,1
1479,3,1,3,1300,0,7,3,0,2
1480,24,1,1,200,1,8,1,0,3
1481,52,0,4,150,1,9,2,0,2
1482,32,0,2,450,1,9,3,0,1
1483,48,1,4,2200,1,2,2,0,0
1484,53,0,1,1400,0,9,2,0,3
1485,47,1,1,1100,0,7,2,0,3
1486,34,1,1,2500,1,8,2,0,1
1487,40,0,1,1900,1,10,1,0,0
1488,26,1,4,5000,1,10,4,0,1
1489,45,0,2,1400,0,10,1,0,1
1490,37,1,2,1900,0,8,2,0,2
1491,44,0,1,2000,1,2,2,0,0
1492,43,1,2,2000,1,2,3,0,3
1493,5,0,4,1200,1,10,4,1,2
1494,58,1,1,2800,1,7,0,0,2
1495,39,0,2,688,1,10,3,0,0
1496,58,1,1,1350,1,9,1,0,0
1497,41,1,4,8750,1,9,2,1,1
1498,35,1,2,2500,1,6,2,0,3
1499,19,0,4,1500,0,10,3,1,0
1500,30,0,2,900,1,7,1,1,1
1501,38,0,1,320,1,6,0,0,1
1502,14,0,4,412,1,2,4,0,2
1503,27,1,2,1500,0,9,2,0,0
1504,47,0,2,586,0,7,1,0,3
1505,39,0,2,1600,0,10,2,0,0
1506,28,0,4,4500,1,10,4,0,1
1507,25,1,3,3500,1,9,2,1,0
1508,61,1,1,1438,1,10,1,0,1
1509,27,0,1,800,1,5,4,0,1
1510,29,0,3,1200,1,9,0,0,2
1511,45,0,2,2875,1,10,4,0,1
1512,24,1,3,5000,1,10,2,1,1
1513,55,1,4,6250,1,10,3,0,1
1514,27,1,3,1500,1,7,2,0,3
1515,11,0,4,1400,1,10,4,1,2
1516,41,0,3,800,1,9,1,0,2
1517,30,1,3,1400,1,9,1,0,2
1518,37,1,2,2400,1,7,3,1,2
1519,64,0,1,1500,0,6,1,0,1
1520,45,1,4,936,0,5,2,0,3
1521,58,1,1,900,0,9,1,0,3
1522,13,0,3,950,0,9,2,0,2
1523,37,1,1,1200,1,7,2,0,3
1524,26,0,2,500,1,9,3,0,0
1525,46,0,1,1300,1,8,4,0,1
1526,34,0,2,2000,0,9,3,0,2
1527,46,0,1,1300,1,2,3,0,1
1528,3,0,3,640,1,8,3,0,0
1529,42,1,4,5000,1,10,3,0,2
1530,29,1,2,2625,1,9,3,0,0
1531,38,0,1,200,1,10,4,0,1
1532,14,0,4,2000,0,10,4,0,2
1533,41,0,1,450,1,10,3,0,2
1534,39,1,1,2000,1,9,2,0,2
1535,13,1,2,1250,0,9,2,0,0
1536,30,1,4,3500,0,9,3,0,0
1537,33,1,4,2400,1,8,2,0,1
1538,37,0,2,1800,1,8,2,0,2
1539,32,1,1,2200,1,8,2,1,2
1540,18,1,4,3100,1,10,4,1,3
1541,6,0,4,476,0,6,3,0,2
1542,24,0,2,404,0,6,1,0,3
1543,69,1,2,1500,1,2,1,0,1
1544,29,0,2,1300,1,6,1,0,1
1545,59,0,2,1063,0,2,2,0,2
1546,17,0,4,1100,1,2,3,1,1
1547,8,1,4,1300,1,5,4,1,1
1548,57,0,1,450,1,10,3,1,1
1549,51,1,4,2000,1,10,2,0,1
1550,38,0,2,360,1,10,1,0,0
1551,64,1,2,2625,1,9,2,0,1
1552,15,1,4,3800,1,9,4,1,2
1553,28,1,2,2000,0,9,2,0,2
1554,52,1,1,1800,1,2,4,0,1
1555,61,1,4,3000,1,9,2,0,0
1556,32,0,2,1300,0,7,3,0,2
1557,48,0,2,688,1,10,4,0,2
1558,38,0,4,1350,1,2,3,0,0
1559,34,0,2,2000,0,2,4,0,0
1560,57,1,1,2700,1,10,3,0,0
1561,50,0,4,1000,1,10,1,1,1
1562,12,0,1,1000,1,4,1,0,1
1563,44,0,4,600,0,8,1,0,1
1564,45,1,2,1394,0,8,2,0,2
1565,25,1,4,1700,1,9,3,0,2
1566,54,0,2,1080,0,9,2,0,0
1567,8,0,2,1500,0,9,4,0,1
1568,46,1,4,9500,1,9,3,0,1
1569,57,0,1,520,1,2,4,0,1
1570,60,1,2,1200,1,0,2,0,1
1571,30,1,4,2500,1,9,3,0,3
1572,50,1,2,800,0,8,3,0,0
1573,44,0,1,1200,1,2,3,0,0
1574,50,1,2,650,0,9,1,1,0
1575,13,0,4,1300,1,9,4,1,0
1576,45,1,2,1500,0,9,1,0,1
1577,3,1,4,700,1,8,4,1,2
1578,44,0,1,887,1,2,2,0,0
1579,21,1,4,1200,1,6,1,1,2
1580,65,1,2,2500,1,10,3,1,1
1581,4,1,4,450,1,9,3,0,0
1582,15,0,2,359,0,6,1,0,3
1583,62,0,1,900,1,6,1,0,1
1584,14,1,3,8750,1,2,4,1,1
1585,26,0,2,1100,1,2,3,0,2
1586,38,1,4,2125,1,7,3,0,2
1587,39,1,2,2000,0,10,2,0,1
1588,57,0,2,1063,1,10,3,0,3
1589,42,1,1,2625,1,2,1,1,3
1590,47,1,3,1600,1,9,3,1,0
1591,28,0,2,3000,1,2,4,0,1
1592,42,0,4,2125,1,9,4,0,1
1593,35,0,2,500,1,9,4,0,2
1594,39,1,1,1500,1,9,1,1,0
1595,57,0,2,1500,0,10,3,0,2
1596,45,1,1,1313,1,8,3,0,1
1597,5,1,4,3000,1,2,4,0,1
1598,64,1,2,1100,0,6,3,0,0
1599,4,0,3,1600,1,2,3,0,0
1600,25,1,2,2300,1,10,3,0,0
1601,27,1,2,2875,0,9,3,0,1
1602,7,1,2,2100,1,9,1,0,0
1603,28,1,2,2000,0,10,3,0,0
1604,47,0,2,1000,1,10,3,0,0
1605,6,0,3,266,1,9,3,0,2
1606,46,1,2,1800,0,9,3,0,2
1607,48,0,1,1400,1,10,3,0,1
1608,61,1,1,1700,1,9,1,0,0
1609,12,1,2,2200,1,6,3,1,3
1610,44,0,2,600,0,2,3,0,1
1611,58,0,1,700,0,10,3,0,1
1612,60,0,1,4500,1,10,1,1,2
1613,5,1,2,1100,1,10,4,0,3
1614,5,0,4,550,0,8,3,1,2
1615,16,1,1,1450,0,9,3,0,0
1616,5,0,1,750,0,8,2,0,2
1617,10,0,3,770,1,6,4,0,3
1618,49,0,4,2000,0,9,3,0,2
1619,14,1,2,1438,0,9,3,0,3
1620,25,1,3,4000,1,9,3,0,1
1621,30,1,2,4000,1,8,4,0,1
1622,25,1,2,2375,1,9,3,0,1
1623,34,1,2,2875,1,10,3,0,2
1624,56,0,2,350,1,2,2,1,1
1625,15,1,2,1625,1,8,1,0,3
1626,37,1,4,3500,1,9,3,0,1
1627,35,0,2,1300,1,9,2,0,2
1628,54,1,1,1050,1,2,1,0,1
1629,21,1,4,2000,1,2,4,0,1
1630,30,1,2,1500,0,6,3,0,1
1631,20,1,2,1600,0,8,3,0,1
1632,47,0,2,560,0,6,2,0,1
1633,34,1,4,2700,1,9,2,0,2
1634,73,0,1,1200,1,7,3,0,0
1635,31,0,2,960,0,10,3,0,0
1636,63,1,1,800,1,6,0,0,1
1637,19,1,2,970,1,6,0,0,3
1638,51,1,1,2200,1,10,3,1,1
1639,55,0,2,2000,1,2,2,0,2
1640,23,0,4,1875,1,2,2,0,0
1641,45,1,4,2500,0,8,3,0,1
1642,51,0,2,938,0,8,3,0,3
1643,43,1,4,1500,1,9,3,1,2
1644,36,1,2,2500,0,7,2,0,3
1645,39,1,2,460,0,9,3,0,1
1646,34,1,3,1800,1,10,3,0,2
1647,47,1,3,2900,1,10,3,0,1
1648,19,0,4,1200,0,8,4,1,1
1649,11,1,4,2400,0,9,3,1,0
1650,9,0,4,813,1,9,3,1,0
1651,3,0,4,600,0,9,4,0,1
1652,40,1,4,3200,0,9,2,0,2
1653,35,1,2,2125,1,9,2,0,1
1654,37,1,4,4500,1,10,3,0,2
1655,16,1,2,1600,0,10,4,0,1
1656,54,1,1,1800,1,9,2,0,0
1657,31,0,2,1100,0,9,3,0,2
1658,29,1,3,4500,0,9,3,0,1
1659,45,1,1,2000,1,8,2,0,3
1660,33,0,3,2375,1,2,4,0,1
1661,13,0,2,900,1,10,3,1,0
1662,36,1,2,1400,0,9,3,0,1
1663,55,0,2,2500,1,9,2,0,1
1664,53,0,4,1200,1,2,2,1,2
1665,20,1,2,1625,0,9,2,0,2
1666,36,0,1,1200,1,9,2,0,0
1667,4,0,4,400,1,9,4,0,2
1668,32,1,1,2700,1,9,3,0,1
1669,49,0,1,1400,1,10,3,0,0
1670,1,0,3,350,1,2,4,0,1
1671,11,0,4,1800,1,9,4,0,0
1672,36,1,2,1200,0,10,3,0,1
1673,49,0,2,2600,1,9,3,0,1
1674,59,0,4,1100,0,10,3,0,2
1675,34,1,4,3000,1,10,3,0,2
1676,24,1,3,2400,1,6,2,0,2
1677,22,0,2,800,1,10,3,0,0
1678,29,1,3,2700,1,10,2,0,2
1679,46,1,2,1450,0,9,3,0,0
1680,44,1,2,800,1,8,0,0,0
1681,14,1,1,1063,1,2,4,0,0
1682,38,0,4,2500,1,9,3,0,1
1683,28,0,2,1375,0,10,4,0,1
1684,53,1,2,2300,1,8,2,0,2
1685,21,0,4,1200,1,10,4,0,1
1686,33,0,2,800,0,9,3,0,0
1687,53,0,2,600,1,2,2,0,1
1688,30,1,4,2875,0,8,3,0,0
1689,65,0,2,1438,1,9,3,0,1
1690,43,0,2,280,1,9,3,0,1
1691,14,1,4,2200,1,9,4,0,1
1692,6,0,4,850,1,9,3,0,2
1693,37,0,4,4200,1,9,2,0,1
1694,62,0,2,1100,1,10,2,0,1
1695,24,1,3,3600,1,2,3,0,0
1696,7,0,4,1082,1,9,1,0,2
1697,38,0,2,650,0,2,3,0,2
1698,50,1,4,3500,1,2,3,0,1
1699,52,1,1,1330,1,9,2,0,1
1700,26,0,4,2125,1,9,3,0,1
1701,46,0,1,913,1,6,2,0,2
1702,49,0,2,850,0,9,2,1,1
1703,58,1,1,1200,0,6,2,0,1
1704,41,0,1,1150,1,1,2,0,0
1705,25,0,2,1600,1,9,3,0,3
1706,16,0,4,2125,0,9,3,0,0
1707,8,0,4,800,0,9,3,0,0
1708,38,1,2,1875,0,8,3,0,1
1709,43,0,1,370,1,10,3,0,1
1710,38,1,2,2375,0,8,3,1,2
1711,39,1,4,6000,1,10,1,1,1
1712,16,0,2,1800,1,6,4,0,0
1713,10,1,2,1000,0,4,3,0,1
1714,49,0,2,1650,0,10,3,0,2
1715,16,1,4,3200,1,9,3,1,2
1716,55,0,2,1800,1,9,3,0,1
1717,54,0,3,300,1,2,3,0,0
1718,35,0,2,650,0,9,2,0,0
1719,32,0,2,820,0,7,1,0,1
1720,45,1,1,1200,1,7,3,0,1
1721,7,1,2,1300,0,9,2,0,2
1722,7,0,2,670,1,10,3,0,0
1723,16,1,3,1500,0,10,4,0,2
1724,35,1,2,2600,1,8,2,0,1
1725,50,1,1,2125,1,10,2,0,1
1726,19,0,2,600,0,8,2,0,2
1727,40,1,4,4000,0,2,4,1,0
1728,39,0,2,1100,0,9,3,0,3
1729,35,1,4,4500,1,9,3,1,1
1730,53,1,1,1200,1,2,4,0,0
1731,74,0,4,1100,0,9,1,0,2
1732,8,0,4,1200,1,2,4,1,1
1733,48,0,2,400,0,8,2,1,1
1734,15,0,1,1800,1,9,3,1,2
1735,28,1,1,1800,1,6,2,0,1
1736,2,0,4,1100,1,10,3,1,2
1737,20,1,2,1500,0,5,0,0,2
1738,8,1,4,600,0,9,3,1,2
1739,30,0,2,1100,0,9,3,0,2
1740,11,1,4,900,1,10,3,0,2
1741,22,1,2,2700,0,10,4,0,2
1742,45,0,2,1875,1,9,4,0,2
1743,33,0,4,900,1,2,1,0,3
1744,39,0,3,1550,1,9,3,1,2
1745,29,1,2,1100,0,8,3,0,0
1746,14,1,4,1700,1,9,2,0,0
1747,2,0,4,1750,1,2,3,1,2
1748,39,1,2,2000,0,9,2,1,1
1749,31,0,4,2000,1,10,4,0,0
1750,37,0,2,1700,1,9,3,0,0
1751,32,0,2,400,1,5,2,0,2
1752,5,0,4,1800,1,9,4,0,1
1753,37,1,4,2100,0,10,3,0,0
1754,32,0,2,813,0,9,3,0,1
1755,7,1,1,1800,1,9,3,0,1
1756,13,1,4,2400,0,9,3,1,0
1757,60,0,4,1200,0,8,2,0,2
1758,22,0,4,1800,1,8,4,1,2
1759,42,1,3,3000,1,9,3,0,1
1760,52,1,2,900,0,9,2,0,3
1761,48,1,2,823,0,9,3,0,0
1762,34,0,2,500,0,8,1,0,1
1763,31,0,1,550,1,6,2,0,3
1764,21,1,2,3800,1,9,3,0,1
1765,53,1,1,950,0,7,4,0,3
1766,47,0,1,1500,1,9,3,0,2
1767,48,0,4,488,0,6,3,1,2
1768,35,1,1,1800,1,10,3,0,1
1769,29,0,4,900,1,9,4,0,2
1770,39,1,2,3800,0,9,3,0,0
1771,36,0,2,1800,1,7,2,0,0
1772,17,0,4,1,0,2,3,0,1
1773,29,0,2,2800,1,7,1,0,3
1774,46,0,2,450,0,10,2,0,1
1775,35,1,4,1500,0,9,2,0,0
1776,7,1,4,450,1,8,4,0,3
1777,35,1,1,1400,1,6,2,1,2
1778,47,1,4,4500,1,10,3,1,2
1779,18,1,3,3500,1,9,4,0,1
1780,13,1,1,1900,1,10,4,1,0
1781,34,0,2,1800,1,9,3,0,0
1782,61,1,4,2375,1,10,2,0,0
1783,10,0,4,2700,1,9,4,1,1
1784,49,1,1,1750,0,8,3,0,0
1785,57,0,1,800,0,10,2,0,3
1786,25,1,1,2050,1,9,1,0,1
1787,55,0,1,820,0,7,1,0,1
1788,4,1,1,2000,1,9,4,0,1
1789,41,1,3,3100,1,10,3,0,2
1790,29,1,1,1235,1,8,3,0,1
1791,36,0,3,1000,0,9,3,0,2
1792,18,0,4,2100,1,9,3,0,1
1793,51,1,2,1250,0,9,2,0,1
1794,9,1,4,2400,1,10,4,0,2
1795,24,1,2,1750,1,6,2,1,0
1796,64,1,4,1500,0,9,2,0,0
1797,14,1,4,500,1,7,2,0,2
1798,57,0,1,1063,0,9,2,0,0
1799,17,1,2,600,0,8,3,1,0
1800,11,1,4,1500,1,6,3,1,0
1801,28,1,2,938,1,7,2,0,0
1802,23,1,4,3000,1,9,3,0,1
1803,52,1,1,1500,1,2,3,0,1
1804,50,1,4,2100,1,9,1,0,2
1805,27,0,2,900,1,2,4,1,1
1806,48,0,1,1000,1,9,4,0,1
1807,27,1,4,5500,1,9,3,1,0
1808,41,1,2,816,0,5,1,0,1
1809,50,0,1,1000,1,8,4,1,1
1810,35,1,1,680,0,6,1,0,3
1811,28,1,3,1700,1,9,2,0,0
1812,15,0,4,2300,1,10,4,0,1
1813,36,0,0,45,0,6,1,0,2
1814,58,1,1,1200,1,2,2,0,2
1815,51,1,4,2500,1,9,3,0,0
1816,8,1,4,1429,0,8,3,0,1
1817,49,0,4,420,1,2,4,1,2
1818,5,0,4,450,1,10,3,0,1
1819,30,1,1,1300,0,3,4,0,2
1820,47,1,1,1500,1,8,0,0,0
1821,38,0,2,500,0,7,2,0,1
1822,21,0,4,1000,0,8,1,0,0
1823,28,0,2,1000,0,9,2,0,1
1824,51,1,3,3500,1,10,3,0,0
1825,33,0,2,1625,1,10,3,0,1
1826,57,1,2,1300,1,6,2,1,2
1827,43,1,4,2875,1,2,3,0,1
1828,37,1,2,390,0,7,0,0,2
1829,32,0,2,3000,0,10,3,0,0
1830,9,1,0,750,0,9,3,1,0
1831,40,1,3,150,1,2,4,0,1
1832,39,0,1,1800,1,8,3,0,0
1833,3,1,4,300,1,10,3,1,2
1834,41,0,4,2700,1,2,4,1,0
1835,34,1,2,1438,0,2,3,0,0
1836,18,0,4,1600,1,9,4,1,0
1837,16,1,2,2900,0,10,4,0,1
1838,32,1,1,1700,1,8,3,0,0
1839,13,0,4,1800,1,7,3,1,2
1840,8,1,4,2100,1,8,3,0,1
1841,58,0,1,688,1,10,2,0,1
1842,13,1,2,1800,0,9,3,0,1
1843,5,1,4,1500,1,9,3,0,1
1844,58,1,1,1200,0,7,2,0,2
1845,55,1,1,1400,0,9,3,0,1
1846,34,1,4,1750,1,9,3,0,2
1847,43,0,4,4300,1,2,3,0,1
1848,57,1,1,2375,1,2,2,0,2
1849,10,0,4,1990,0,9,3,1,2
1850,28,1,4,5000,1,2,2,0,2
1851,5,1,2,2211,1,10,4,0,1
1852,48,1,1,1800,1,8,2,0,2
1853,35,0,3,900,1,7,3,0,2
1854,46,0,4,1400,0,6,1,0,2
1855,12,0,4,875,1,9,4,1,2
1856,30,1,1,1800,1,2,2,0,1
1857,45,1,1,1500,1,10,1,0,1
1858,55,0,2,1500,0,10,3,0,0
1859,48,0,1,720,0,3,1,0,3
1860,45,1,2,1300,0,9,3,0,0
1861,57,1,1,1050,0,10,3,0,1
1862,45,0,2,1800,0,10,3,0,1
1863,13,0,2,1100,1,9,2,1,0
1864,48,0,2,813,0,10,3,0,1
1865,28,1,2,1000,0,9,3,0,3
1866,35,0,2,1400,0,2,3,0,0
1867,26,0,2,2300,0,9,3,0,2
1868,71,0,4,2000,1,10,2,0,1
1869,29,0,4,700,1,9,3,1,1
1870,35,1,2,3500,0,9,4,1,3
1871,58,1,1,1438,1,2,3,0,0
1872,60,1,4,3300,1,7,1,0,2
1873,34,0,4,2250,0,9,3,1,2
1874,15,0,2,1300,1,2,2,0,2
1875,55,0,4,2375,0,9,2,0,2
1876,32,1,4,6250,1,9,3,0,1
1877,38,0,2,353,1,2,1,0,0
1878,29,1,2,834,0,10,2,0,3
1879,40,0,4,3500,1,9,4,0,2
1880,49,1,2,850,0,2,4,0,1
1881,69,0,1,1100,1,9,2,0,0
1882,34,0,1,710,0,6,1,0,2
1883,29,1,1,450,1,5,0,0,3
1884,40,1,2,742,0,9,2,0,0
1885,45,0,1,795,1,9,3,0,1
1886,54,1,1,780,0,8,2,0,3
1887,55,1,3,3000,1,2,4,1,1
1888,47,1,3,8750,0,9,3,0,1
1889,30,1,2,1600,1,6,2,0,0
1890,62,0,1,200,1,9,2,0,0
1891,49,0,1,645,0,8,1,0,0
1892,50,0,2,845,1,5,2,0,0
1893,31,1,2,3900,1,9,3,0,1
1894,42,1,4,620,0,8,2,0,2
1895,33,1,4,1200,1,8,2,0,2
1896,44,1,4,1875,0,9,2,0,2
1897,35,0,2,350,0,7,1,1,1
1898,8,1,4,1300,1,8,2,0,2
1899,35,0,3,1875,0,2,4,0,0
1900,16,0,4,5000,1,9,2,1,1
1901,14,0,2,900,1,2,4,1,1
1902,30,1,1,1900,1,8,2,0,2
1903,17,0,4,1100,1,10,4,0,0
1904,13,0,2,1200,0,10,3,0,1
1905,66,1,3,1100,1,10,1,1,0
1906,57,0,3,1063,0,6,1,0,3
1907,26,0,1,800,1,7,2,0,1
1908,52,0,4,456,1,10,1,0,1
1909,33,0,2,896,0,8,0,0,2
1910,66,1,4,1800,0,2,3,0,0
1911,36,1,2,1875,0,10,3,0,0
1912,46,1,2,1500,1,10,1,0,2
1913,24,0,4,2000,1,9,3,0,1
1914,14,0,4,3300,1,9,4,0,1
1915,31,1,1,2400,0,10,3,1,1
1916,20,0,1,1000,1,9,3,0,0
1917,34,1,4,5000,1,9,3,1,2
1918,28,0,2,938,0,6,1,0,2
1919,49,0,1,1000,1,2,4,1,2
1920,26,0,2,450,0,2,2,0,3
1921,44,1,4,640,0,6,1,0,3
1922,6,1,4,2100,0,9,3,0,1
1923,32,0,2,800,0,9,3,0,2
1924,11,1,1,1900,1,9,4,0,0
1925,50,1,4,4500,1,10,4,1,1
1926,46,0,2,750,1,2,3,0,0
1927,30,1,4,1800,1,9,2,0,2
1928,39,1,4,6250,1,10,4,1,2
1929,7,0,4,1300,1,8,3,0,0
1930,67,0,1,1063,0,2,2,0,1
1931,0,1,4,150,1,10,4,0,2
1932,48,0,1,280,1,9,4,0,1
1933,58,1,1,1063,0,9,2,0,0
1934,61,0,2,2000,1,2,2,1,1
1935,66,1,1,1800,0,2,3,0,0
1936,53,0,2,1040,0,10,3,0,0
1937,33,1,0,400,0,3,0,0,3
1938,46,0,1,1009,1,2,4,0,1
1939,42,1,1,1188,1,9,2,1,2
1940,30,1,2,1625,1,9,3,0,0
1941,47,1,1,1188,1,9,3,1,0
1942,30,0,2,2400,0,2,3,0,3
1943,58,0,2,2500,1,10,3,0,1
1944,42,0,4,1200,1,9,3,1,2
1945,48,1,1,512,1,4,1,0,2
1946,45,1,2,800,0,8,2,1,1
1947,36,0,3,563,0,2,2,0,1
1948,70,1,1,1500,0,2,2,0,1
1949,22,1,2,1700,1,10,2,0,1
1950,43,1,4,3000,0,9,3,0,1
1951,12,0,4,380,1,2,3,0,1
1952,53,1,2,2000,1,5,2,1,1
1953,42,1,4,2700,0,9,1,0,2
1954,12,1,2,2500,1,2,4,0,1
1955,46,0,2,1500,1,9,3,0,1
1956,57,0,4,1875,1,9,3,1,0
1957,62,0,1,600,0,9,1,0,2
1958,49,1,4,2800,1,9,2,0,0
1959,15,0,1,1311,1,6,3,0,3
1960,48,0,2,1000,0,10,4,0,1
1961,64,1,1,1063,0,9,2,0,1
1962,32,1,2,6250,1,10,4,0,1
1963,30,0,4,3500,1,8,3,1,1
1964,18,0,2,280,0,8,3,0,3
1965,39,0,2,2400,0,8,3,0,3
1966,0,1,4,800,1,9,3,1,1
1967,49,0,2,688,0,9,2,0,0
1968,35,1,3,1500,0,10,3,0,3
1969,20,1,2,1375,0,6,2,0,3
1970,11,1,2,1500,1,9,4,0,3
1971,42,1,1,1400,1,5,2,0,3
1972,49,1,4,3500,1,10,3,1,1
1973,43,1,2,980,0,7,3,0,0
1974,34,1,4,7300,1,10,3,0,0
1975,49,1,2,1100,0,6,2,1,2
1976,14,1,2,2300,1,2,4,0,2
1977,39,1,4,950,1,6,1,0,2
1978,60,1,3,1300,1,9,3,0,1
1979,61,0,1,630,0,8,2,0,1
1980,31,0,2,1000,1,9,4,0,1
1981,35,1,2,2000,0,8,3,0,2
1982,45,1,2,990,1,8,2,0,3
1983,33,1,4,2100,1,8,1,1,2
1984,14,0,4,1750,0,10,4,1,0
1985,37,1,2,1875,1,8,3,0,1
1986,30,1,2,3000,1,9,3,1,1
1987,29,1,4,1340,1,9,3,0,2
1988,60,0,1,500,0,9,2,0,3
1989,28,0,4,900,0,4,1,1,2
1990,39,1,1,2000,1,2,2,1,1
1991,5,1,4,500,1,7,3,0,2
1992,4,0,4,400,1,8,4,0,0
1993,22,0,4,450,1,2,4,1,0
1994,31,1,2,3000,1,9,2,0,1
1995,35,0,2,1450,0,2,3,0,2
1996,49,1,1,680,1,9,2,0,1
1997,38,1,2,1600,0,5,1,0,3
1998,50,1,1,1625,1,8,1,0,0
1999,44,1,1,1800,1,10,3,0,1
2000,34,1,2,2000,1,10,4,0,2
2001,46,1,3,4000,1,10,3,1,0
2002,15,0,4,1600,1,3,2,1,2
2003,49,1,4,1000,0,8,2,0,0
2004,19,1,2,1600,0,8,3,0,3
2005,30,1,2,1600,0,8,3,0,1
2006,7,1,4,2100,1,2,4,1,2
2007,24,0,4,1800,1,9,3,1,1
2008,26,0,2,1200,1,10,4,1,1
2009,14,0,2,800,0,2,3,0,3
2010,33,0,4,3500,1,8,2,1,2
2011,65,1,1,1400,1,6,1,0,2
2012,66,0,1,700,0,8,0,0,2
2013,72,1,3,3500,1,7,2,1,2
2014,28,1,4,1800,0,9,2,1,2
2015,32,1,1,3000,1,10,2,0,0
2016,37,1,4,3500,1,9,2,0,1
2017,5,1,2,1500,1,10,3,0,0
2018,31,1,2,2400,0,2,1,0,0
2019,16,1,1,1188,1,2,2,1,0
2020,23,0,2,1200,0,8,2,0,3
2021,53,1,1,1200,1,9,4,0,1
2022,46,1,4,1200,1,9,3,1,1
2023,11,1,2,2600,1,8,3,0,1
2024,61,0,4,3400,1,2,3,0,1
2025,33,0,2,1500,0,9,2,0,3
2026,50,1,3,5000,0,10,3,0,1
2027,5,0,4,200,1,10,4,0,1
2028,22,1,1,460,0,4,1,0,2
2029,42,0,2,800,0,9,3,0,2
2030,63,0,4,2125,1,2,4,1,2
2031,24,0,1,1000,1,2,3,0,0
2032,34,1,2,1600,0,8,2,0,0
2033,37,0,2,1500,0,10,4,0,2
2034,7,1,4,556,0,10,4,1,1
2035,42,0,2,1000,0,9,0,0,1
2036,49,1,4,2700,1,2,3,0,2
2037,48,1,1,2200,1,2,4,0,1
2038,27,0,4,2000,0,2,4,0,1
2039,30,1,2,1200,1,9,2,0,1
2040,59,1,4,901,0,9,3,0,2
2041,26,0,4,2500,1,10,4,1,1
2042,44,0,2,688,0,7,3,0,2
2043,13,0,4,2300,1,10,4,0,1
2044,34,1,2,700,1,9,1,0,3
2045,56,0,1,1188,0,6,2,0,2
2046,33,1,3,2700,1,6,2,0,2
2047,45,1,1,1650,1,8,2,0,0
2048,4,1,1,1300,0,8,3,0,1
2049,34,0,3,1700,1,10,4,1,2
2050,38,1,1,1875,1,8,3,0,0
2051,63,1,1,1438,1,9,3,0,3
2052,1,0,4,470,1,9,3,0,3
2053,58,1,4,1400,0,6,3,0,3
2054,48,1,2,1188,0,2,4,0,1
2055,51,0,4,2125,0,10,3,0,1
2056,28,1,2,1450,0,9,3,0,3
2057,61,1,1,1625,1,10,3,1,2
2058,56,1,1,4000,1,10,2,1,0
2059,42,0,1,1625,1,8,3,0,0
2060,11,0,4,1300,0,10,4,0,3
2061,10,1,4,3000,1,9,3,0,1
2062,39,0,2,550,1,2,3,0,1
2063,49,0,1,2125,1,2,2,0,0
2064,2,0,1,1200,1,6,4,0,1
2065,49,1,2,1500,1,9,3,1,1
2066,24,0,2,800,1,6,2,0,1
2067,56,1,1,1050,1,9,3,0,0
2068,47,0,2,900,0,7,2,0,2
2069,42,0,4,2500,1,2,4,1,2
2070,4,1,1,730,1,7,4,0,3
2071,36,0,1,1600,1,6,2,0,1
2072,34,1,4,2400,0,7,3,0,2
2073,46,0,2,1400,0,9,2,0,2
2074,22,1,4,3200,1,10,3,0,0
2075,2,1,4,688,1,8,3,0,1
2076,33,1,2,2300,1,10,3,0,0
2077,5,1,4,2050,1,10,4,0,1
2078,49,0,2,550,0,6,3,0,3
2079,26,0,1,1100,1,2,1,0,3
2080,37,0,4,1800,0,8,2,0,1
2081,29,1,4,2600,1,9,3,0,2
2082,10,0,2,1200,1,9,2,0,1
2083,31,1,4,3500,1,8,2,0,2
2084,51,0,2,524,1,9,3,0,0
2085,41,0,2,2000,0,10,4,0,1
2086,7,0,4,2150,1,7,2,0,0
2087,8,1,2,1500,0,9,3,0,2
2088,39,0,4,1438,1,10,3,0,2
2089,45,1,2,2400,1,2,3,0,1
2090,2,0,2,772,1,10,2,0,1
2091,9,0,4,450,0,9,4,0,1
2092,38,0,2,404,0,6,2,0,1
2093,6,0,3,1800,1,10,3,0,0
2094,42,1,4,5800,1,2,4,0,1
2095,33,1,2,1500,1,2,3,0,1
2096,66,0,1,400,1,8,2,0,0
2097,59,0,1,776,0,8,1,0,0
2098,44,1,4,3500,1,9,1,1,0
2099,56,1,1,550,1,10,2,0,3
2100,1,0,3,700,1,9,3,1,2
2101,65,0,4,800,1,9,2,1,2
2102,35,0,3,2000,1,8,3,0,3
2103,29,0,2,758,1,6,1,0,1
2104,36,1,3,4500,1,10,3,0,2
2105,14,0,4,1200,1,2,4,1,2
2106,15,1,4,3200,1,9,3,0,1
2107,37,0,4,3500,0,9,2,0,2
2108,46,0,4,550,1,2,3,0,2
2109,40,0,3,860,0,7,2,0,2
2110,54,0,2,1400,0,10,2,0,1
2111,55,1,4,2800,1,9,2,1,2
2112,39,1,2,1300,0,10,3,0,2
2113,36,0,2,1500,1,8,3,0,0
2114,46,0,2,1000,0,7,3,0,0
2115,27,0,4,2400,1,10,4,1,1
2116,47,0,1,2200,1,8,2,0,3
2117,22,0,2,192,1,9,4,0,2
2118,31,1,4,2000,1,8,3,0,2
2119,28,0,4,1500,1,10,3,0,1
2120,33,1,2,1625,1,9,2,0,0
2121,53,0,2,300,1,9,2,1,1
2122,55,1,2,3090,1,10,4,0,1
2123,35,0,2,500,0,6,0,0,3
2124,14,0,3,1900,1,10,2,1,2
2125,18,1,1,2100,1,8,2,1,1
2126,38,0,2,1900,0,10,3,0,0
2127,58,0,1,850,1,8,1,0,1
2128,35,0,1,700,1,2,3,0,0
2129,28,0,1,450,1,2,4,0,3
2130,30,0,2,813,1,9,3,0,1
2131,10,0,4,6250,1,10,3,1,1
2132,26,1,1,1800,1,9,3,0,0
2133,3,0,4,660,1,10,3,0,2
2134,14,0,4,2700,1,9,3,0,1
2135,24,1,4,3200,1,10,4,0,2
2136,59,1,1,1200,0,8,3,0,0
2137,64,0,0,1200,0,7,1,0,1
2138,37,0,2,1313,1,9,3,0,1
2139,13,0,2,2000,1,9,4,1,2
2140,3,0,1,1500,1,8,3,0,0
2141,57,0,1,1625,1,2,2,0,2
2142,17,1,4,2400,1,10,4,0,0
2143,39,1,2,7000,1,2,3,0,3
2144,61,1,1,1800,1,8,2,0,0
2145,48,1,1,1400,1,2,1,0,1
2146,30,0,2,3000,0,2,3,1,2
2147,55,0,4,500,0,9,1,0,0
2148,46,0,2,1100,0,2,3,0,1
2149,2,0,2,580,1,10,2,0,3
2150,39,0,4,1500,1,8,1,0,2
2151,54,1,1,760,1,6,2,0,3
2152,32,0,1,650,1,6,2,0,1
2153,38,1,2,1600,0,8,2,0,1
2154,55,1,4,2500,0,10,2,0,3
2155,31,1,2,1300,1,8,1,0,1
2156,48,0,4,3400,1,10,4,0,0
2157,28,0,4,1875,0,8,3,0,2
2158,49,0,2,1300,0,10,3,0,2
2159,12,0,3,1625,1,8,2,0,2
2160,5,0,4,250,1,2,4,1,0
2161,31,1,1,360,1,5,1,1,0
2162,31,0,4,750,1,7,2,0,2
2163,24,1,3,3500,1,10,4,0,1
2164,36,1,2,2875,0,8,3,0,0
2165,47,0,3,800,0,9,2,0,2
2166,32,1,4,3000,1,9,3,0,2
2167,52,1,4,1400,1,2,3,0,1
2168,17,1,2,3500,1,10,3,0,0
2169,4,0,4,1000,1,10,4,0,1
2170,46,0,1,500,1,10,3,0,1
2171,56,1,1,1400,1,2,2,0,1
2172,9,0,3,600,1,8,3,0,2
2173,5,1,4,250,1,10,4,0,1
2174,49,1,4,1800,1,7,3,0,1
2175,10,0,3,1100,0,8,3,0,2
2176,21,0,4,1500,1,9,1,0,0
2177,54,1,2,1830,0,10,4,0,0
2178,40,1,4,1500,0,5,1,0,2
2179,9,1,1,450,0,8,3,0,2
2180,44,1,4,3000,1,2,2,1,2
2181,63,0,2,1063,0,2,1,0,2
2182,25,1,4,3600,1,8,3,0,2
2183,33,0,2,450,1,7,2,0,1
2184,28,1,2,6250,0,9,3,1,1
2185,42,0,2,450,1,10,3,1,2
2186,59,0,1,890,0,9,3,0,2
2187,16,0,2,980,1,9,3,0,1
2188,38,0,3,2600,1,9,2,0,0
2189,56,1,2,1000,0,9,3,0,0
2190,46,0,2,1300,0,8,3,0,1
2191,54,1,4,4000,1,10,4,0,1
2192,10,0,4,1875,1,9,3,0,0
2193,46,0,4,2600,1,9,2,0,1
2194,27,0,4,1900,1,9,3,1,2
2195,17,0,2,250,1,9,3,0,2
2196,17,1,2,1063,0,2,3,0,3
2197,55,1,1,1200,0,2,2,0,1
2198,53,0,2,1900,1,9,2,0,0
2199,4,0,1,350,1,8,4,0,1
2200,50,0,1,607,1,8,3,0,1
2201,59,1,1,1050,0,8,2,0,0
2202,38,1,1,2125,1,9,3,0,3
2203,31,1,4,5000,1,10,2,0,1
2204,51,0,4,550,0,10,2,0,1
2205,39,0,2,1313,1,8,2,0,1
2206,3,1,4,300,1,9,4,1,2
2207,31,1,4,6250,1,9,3,1,1
2208,68,1,1,1500,1,10,2,0,0
2209,49,1,1,1060,0,9,2,0,2
2210,51,1,1,800,0,8,2,0,3
2211,22,1,4,1900,0,8,3,0,0
2212,30,1,1,2650,1,9,3,1,3
2213,39,0,1,1200,1,9,3,0,1
2214,15,1,4,3000,1,10,3,1,1
2215,57,1,4,3000,1,6,1,1,3
2216,10,1,2,1875,0,10,4,0,1
2217,17,1,1,650,0,9,3,0,3
2218,43,0,2,1875,0,9,1,0,3
2219,30,1,4,2800,1,9,2,1,0
2220,45,0,1,813,0,9,2,0,0
2221,46,1,2,1350,0,9,2,0,0
2222,11,0,4,1100,0,4,2,0,2
2223,38,1,1,2200,1,9,2,0,0
2224,4,1,4,450,1,7,2,0,0
2225,61,1,1,1600,1,6,3,0,1
2226,59,1,4,1438,0,8,3,1,0
2227,56,0,1,1100,1,2,3,0,2
2228,52,0,1,500,1,9,2,0,0
2229,39,0,2,404,0,7,2,0,3
2230,36,1,2,1400,0,8,3,0,0
2231,30,0,4,2100,1,10,3,0,2
2232,24,0,4,1700,1,2,3,0,1
2233,60,1,1,1600,1,2,3,0,1
2234,41,1,2,2000,0,9,2,0,1
2235,45,0,1,1000,1,8,2,0,0
2236,33,0,1,1200,1,6,1,0,3
2237,63,1,1,1100,1,9,2,0,1
2238,32,0,2,1000,0,9,3,0,2
2239,35,1,2,2625,1,10,2,0,1
2240,58,0,1,1300,1,2,2,1,1
2241,12,0,4,1700,0,9,3,1,2
2242,51,1,2,3000,1,9,3,0,3
2243,15,1,2,1063,0,9,3,0,1
2244,24,0,2,1200,0,10,4,1,1
2245,44,0,4,2600,1,2,2,1,1
2246,61,0,1,420,1,10,1,0,1
2247,10,0,4,1500,0,8,3,0,2
2248,19,0,4,1700,1,10,4,0,2
2249,55,0,4,991,1,8,2,0,0
2250,41,0,3,1200,1,10,3,0,0
2251,41,1,2,1500,0,8,1,1,3
2252,35,1,1,2400,1,9,3,0,0
2253,37,0,2,1800,1,10,3,0,2
2254,17,1,0,1300,1,9,3,1,0
2255,10,0,4,2100,1,10,4,0,2
2256,30,0,2,1500,0,5,2,0,3
2257,48,0,1,600,1,9,2,0,1
2258,49,1,2,1700,1,5,1,0,1
2259,25,0,4,2500,1,10,4,1,2
2260,11,1,2,1100,0,8,3,0,3
2261,47,0,1,795,1,2,2,0,1
2262,43,0,2,1625,0,5,2,0,3
2263,45,0,4,1875,0,8,1,1,2
2264,59,0,1,294,1,9,1,0,1
2265,47,1,1,3000,1,10,3,0,1
2266,29,1,4,2375,0,8,2,0,2
2267,33,1,1,1900,1,7,2,0,1
2268,11,0,4,700,1,2,4,0,0
2269,42,0,3,1450,0,8,3,0,1
2270,54,1,4,1500,0,6,1,0,2
2271,52,0,4,1500,0,8,2,0,2
2272,45,1,2,1100,0,10,3,0,1
2273,6,1,4,1800,1,10,4,0,1
2274,51,1,4,404,0,8,2,0,1
2275,56,0,1,1800,1,2,2,0,1
2276,17,0,2,1250,1,10,3,0,1
2277,35,0,2,1200,0,10,2,0,1
2278,57,0,2,1200,1,2,4,0,1
2279,29,0,4,3500,1,10,4,0,1
